,title,discountedPrice,imgUrl,actualPrice,rating
0,Lenovo IdeaPad S540 10th Gen Intel Core i5 15.6 inch Full HD IPS Thin and Light Laptop (8GB/1TB HDD + 256GB SSD/Windows 10/MS Office 2019/NVIDIA MX250 2GB GDDR5 Graphics/Mineral Grey/1.8Kg) 81NG00BVIN,"60,990",https://m.media-amazon.com/images/I/911dhIY2SCL._AC_UY218_.jpg,"₹60,990",4.5 out of 5 stars
1,"Dell Vostro 3401 14"" FHD Anti Glare Display Laptop (i3-1005G1 / 8GB / 1TB / Integrated Graphics / 1 Yr NBD / Win 10 + MS Office/ Dune Color/1.58Kg) D552126WIN9DE","38,790",https://m.media-amazon.com/images/I/51CEknIIHcL._AC_UY218_.jpg,"₹38,790",3.7 out of 5 stars
2,"Lenovo Ideapad Slim 3i 10th Gen Intel Core i3 14 inch FHD Thin and Light Laptop (8GB/256GB/Windows 10/MS Office/Grey/1.6Kg), 81WD0045IN","36,990",https://m.media-amazon.com/images/I/61s7sJEpsVL._AC_UY218_.jpg,"₹36,990",4.0 out of 5 stars
3,"Acer Acer One Intel Pentium Gold 4415U Processor 14-inch Display 1366 x 768 Laptop (4 GB Ram/1TB HDD/Windows 10 Home/Integrated Graphics/Black/1.8kgs), Z2-485","27,500",https://m.media-amazon.com/images/I/61S1y24GgmL._AC_UY218_.jpg,"₹27,500",3.5 out of 5 stars
4,"Dell Inspiron 3505 15.6"" FHD Display Laptop (R3-3250U / 8GB / 256GB SSD / Integrated Graphics / Win 10 + MSO / Accent Black) D560428WIN9BE","34,898",https://m.media-amazon.com/images/I/51MKXqHKBQL._AC_UY218_.jpg,"₹34,898",
5,"Dell Vostro 3405 14"" HD AG Display Laptop (AMD Silver 3050U / 4GB / 256 SSD / Integrated Graphics / Win 10 + MSO/ Black) D552147WIN9BE","28,990",https://m.media-amazon.com/images/I/71lLCZdrt2L._AC_UY218_.jpg,"₹28,990",4.5 out of 5 stars
6,"Mi Notebook 14 Intel core i3-10110U 10th Gen FHD Ultra Thin and Light Laptop (8GB/256GB SSD/Windows 10, Home/Intel UHD Graphics/Silver/1.5Kg), XMA1901-FI","37,499",https://m.media-amazon.com/images/I/71zlGU1N2iL._AC_UY218_.jpg,"₹37,499",4.2 out of 5 stars
7,"HP Pavilion (2021) Thin & Light 11th Gen Core i5 Laptop, 16 GB RAM, 512GB SSD, Iris Xe Graphics, 14-inch FHD Screen, Windows 10, MS Office, Backlit Keyboard","62,990",https://m.media-amazon.com/images/I/71hmqIQJFdL._AC_UY218_.jpg,"₹62,990",4.3 out of 5 stars
8,"Lenovo Ideapad Slim 3 AMD Ryzen 3 3500U 15.6 FHD Thin and Light Laptop (8GB/1TB/Windows/Office/Platinum Grey/1.85Kg), 81W1003EIN","36,990",https://m.media-amazon.com/images/I/71OK3BgIRYL._AC_UY218_.jpg,"₹36,990",
9,"ASUS VivoBook 15 Intel Celeron N3350 15.6-inch HD Laptop (4GB RAM/1TB HDD/Windows 10/Integrated Graphics/Black/2.0 kg), X540NA-GQ285T",,https://m.media-amazon.com/images/I/81EbdwReBLL._AC_UY218_.jpg,,3.5 out of 5 stars
10,"Lenovo Ideapad Slim 3 AMD Ryzen 3 15.6 inch FHD Thin and Light Laptop (4GB/1TB/Windows 10/MS Office/Grey/1.85Kg), 81W10052IN","28,990",https://m.media-amazon.com/images/I/61Dw5Z8LzJL._AC_UY218_.jpg,"₹28,990",3.5 out of 5 stars
11,"HP Chromebook x360 Intel Celeron N4020 Processor 12-inch Touchscreen Laptop (Celeron N4020/4GB/64GB SSD/Chrome OS/Integrated Graphics/Natural Silver), 12b-ca0010TU","31,205",https://m.media-amazon.com/images/I/71WDdKKrkEL._AC_UY218_.jpg,"₹31,205",4.3 out of 5 stars
12,"AVITA Magus Lite NS12T5IN005P 12.2-inch Laptop (Apollo Lake Celeron N3350/4GB/64GB SSD/Windows 10 Home/Intel HD 500 Graphics), Steel Blue","16,990",https://m.media-amazon.com/images/I/51z0Sd72wTL._AC_UY218_.jpg,"₹16,990",2.8 out of 5 stars
13,"Lenovo ThinkPad E15 Intel Core i3 11th Gen 15.6 inch Full HD Thin and Light Laptop (4GB RAM/ 256GB SSD/ Windows 10 Home/ Microsoft Office Home & Student 2019/ Black/ 1.7 kg), 20TDS0AB00","44,994",https://m.media-amazon.com/images/I/413TnGjj57L._AC_UY218_.jpg,"₹44,994",
14,"HP Pavilion Gaming 15.6-inch FHD Gaming Laptop (Ryzen 5-4600H/8GB/1TB HDD + 256GB SSD/Windows 10/144Hz/NVIDIA GTX 1650 4GB/Shadow Black), 15-ec1052AX","64,990",https://m.media-amazon.com/images/I/71FeUtw+TPL._AC_UY218_.jpg,"₹64,990",4.4 out of 5 stars
15,"LifeDigital ZED AIR CX5 Laptop, 15.6"" IPS FHD, Intel® Core™ i5/4GB RAM/256GB SSD Storage/Camera/LAN/Type-C Data/Windows 10, Black","33,990",https://m.media-amazon.com/images/I/71tnnbggvrL._AC_UY218_.jpg,"₹33,990",
16,,,,,
17,,,,,
18,,,,,
19,,,,,
20,"Lenovo IdeaPad Slim 3 Intel Celeron N4020 15.6-inch HD Thin and Light Laptop (4GB/256GB SSD/Windows 10/Platinum Grey/1.7Kg), 81WQ003LIN","23,890",https://m.media-amazon.com/images/I/61Dw5Z8LzJL._AC_UY218_.jpg,"₹23,890",3.7 out of 5 stars
21,"HP 15 Intel Pentium Gold 6405U Processor Entry Level 15.6-inch FHD Laptop (4GB/1TB/Win 10/Jet Black/1.74kg), 15s-du1052tu","26,890",https://m.media-amazon.com/images/I/71FB8qoB78L._AC_UY218_.jpg,"₹26,890",3.8 out of 5 stars
22,"ASUS VivoBook 14 (2020) Intel Quad Core Pentium Silver N5030, 14-inch FHD Thin and Light Laptop (4GB RAM/1TB HDD/Windows 10/Integrated Graphics/Transparent Silver/1.5 Kg), X415MA-EK101T","24,990",https://m.media-amazon.com/images/I/71WuDXpTAlL._AC_UY218_.jpg,"₹24,990",3.5 out of 5 stars
23,"AVITA Essential NE14A2INC433-CR 14-inch Laptop (Celeron N4000/4GB/128GB SSD/Window 10 Home in S Mode/Integrated Graphics), Concrete Grey","19,999",https://m.media-amazon.com/images/I/61NsZ6UrfPL._AC_UY218_.jpg,"₹19,999",3.9 out of 5 stars
24,"HP 14 Ultra Thin & Light 14-inch Laptop (10th Gen i3-1005G1/8GB/256GB SSD/Win 10 Home/MS Office/1.47 Kg/Jet Black), 14s-cf3074TU","36,990",https://m.media-amazon.com/images/I/81MEmcBaxVL._AC_UY218_.jpg,"₹36,990",4.1 out of 5 stars
25,"Lenovo Ideapad Slim 3 AMD Athlon Silver 3050U 15.6 inch HD Thin and Light Laptop (4GB/1TB HDD/Windows 10/MS Office 2019/Platinum Grey/1.85Kg), 81W100HKIN","25,890",https://m.media-amazon.com/images/I/61Dw5Z8LzJL._AC_UY218_.jpg,"₹25,890",3.7 out of 5 stars
26,"Lenovo Ideapad S145 AMD A6-9225 15.6 inch HD Thin and Light Laptop (4GB/1TB/Windows 10/Grey/1.85Kg), 81N30063IN","24,890",https://m.media-amazon.com/images/I/61PXjYVtmqL._AC_UY218_.jpg,"₹24,890",3.3 out of 5 stars
27,"Lenovo Ideapad S145 10th Gen Intel Core i3 15.6 inch FHD Thin and Light Laptop (4GB/1TB HDD/Windows/Platinum Grey/1.85Kg), 81W800SAIN","30,490",https://m.media-amazon.com/images/I/41B9mP1wFwL._AC_UY218_.jpg,"₹30,490",3.5 out of 5 stars
28,"HP 15 Thin & Light Ryzen 3-3200 Laptop, 4 GB RAM, 1TB HDD + 256GB SSD, 15-inch FHD Screen, Windows 10, MS Office (15s-gr0006au)","29,990",https://m.media-amazon.com/images/I/719F8WdfBzL._AC_UY218_.jpg,"₹29,990",3.8 out of 5 stars
29,"HP Chromebook 14a-na0003TU 14-inch Thin & Light Touchscreen Laptop (Intel N4020/4GB/64GB SSD + 256GB Expandable/Chrome OS/1.46 kgs Light), Mineral Silver","24,983",https://m.media-amazon.com/images/I/613WULNEr1L._AC_UY218_.jpg,"₹24,983",3.6 out of 5 stars
30,Lenovo IdeaPad D330 Intel Celeron N4000 10.1-inch HD IPS 2-in-1 Touchscreen Detachable Laptop (4GB/128GB eMMC/Win10/Lenovo Active Pen Stylus/Front +Rear Camera/HD Audio/Mineral Grey/1.14Kg) 81H3S01S00,"23,550",https://m.media-amazon.com/images/I/61+ZQMKTj0L._AC_UY218_.jpg,"₹23,550",3.7 out of 5 stars
31,"HP 15 AMD Athlon 15.6-inch HD Laptop (Silver-3050U/4GB/1TB/Win 10/MS Office/Jet Black/1.85kg), 15s-gy0001au","27,432",https://m.media-amazon.com/images/I/41mj48h+hZL._AC_UY218_.jpg,"₹27,432",2.5 out of 5 stars
32,"Lenovo Ideapad Slim 3 AMD Ryzen 3 15.6 inch Full HD Thin and Light Laptop (4GB/1TB HDD/Windows 10/MS Office 2019/Platinum Grey/1.85Kg), 81W10057IN","28,990",https://m.media-amazon.com/images/I/61Dw5Z8LzJL._AC_UY218_.jpg,"₹28,990",3.4 out of 5 stars
33,Dell Vostro 3401 14inch FHD Anti Glare 2 Side Narrow Border Display Laptop (10th gen i3-1005G1 / 4GB / 1TB / Integrated Graphics/ Win 10 + MSO/ Black) D552124WIN9BE,"35,290",https://m.media-amazon.com/images/I/8147cwFm2PL._AC_UY218_.jpg,"₹35,290",3.5 out of 5 stars
34,"Lenovo E41-45 (82BF000JIH) Laptop (AMD A6-7350B/ 4GB RAM/ 1TB HDD/ Win 10 Home SL/ 14 Inch Screen), 1 Year Warranty","22,590",https://m.media-amazon.com/images/I/41T2Oimq0AL._AC_UY218_.jpg,"₹22,590",3.5 out of 5 stars
35,"Dell Inspiron 3505 15.6"" HD Anti Glare Display Laptop (Athlon Gold 3150U / 4GB / 256 SSD / Integrated Graphics / Win 10 + MS Office / Accent Black) D560343WIN9BE","31,990",https://m.media-amazon.com/images/I/71tJecS6jjL._AC_UY218_.jpg,"₹31,990",3.5 out of 5 stars
36,,,,,
37,,,,,
38,,,,,
39,"Lenovo V15 Intel Core i5 10th Gen 15-inch Full HD Thin and Light Laptop (8GB RAM/ 256GB SSD/ Windows 10 Home/ Grey/ 1.85 kg), 82C500PFIH","46,777",https://m.media-amazon.com/images/I/71cd41RWSNL._AC_UY218_.jpg,"₹46,777",3.7 out of 5 stars
40,(Renewed) Fujitsu A573 Lifebook with Numeric Keypad Laptop (Intel Core i5 3340m /4 GB/240 GB SSD/Windows 10 / NO Webcam / HDMI / 4 USB /15.6 Inch Screen),"24,990",https://m.media-amazon.com/images/I/61J5eB-TdyL._AC_UY218_.jpg,"₹24,990",
41,(Renewed) Fujitsu A573 Lifebook with Numeric Keypad Laptop (Intel Core i5 3340m /4 GB/500 GB HDD/Windows 10 / NO Webcam / HDMI / 4 USB/15.6 Inch Screen),"24,290",https://m.media-amazon.com/images/I/61J5eB-TdyL._AC_UY218_.jpg,"₹24,290",
42,"Lenovo Ideapad Slim 3 10th Gen Intel Core i5 15.6 inch FHD Thin and Light Laptop (8GB/1TB/Windows 10/Grey/1.85Kg), 81WE007UIN","42,990",https://m.media-amazon.com/images/I/61Dw5Z8LzJL._AC_UY218_.jpg,"₹42,990",3.6 out of 5 stars
43,"Acer Aspire 3 Ryzen 3 3200U 15.6"" - (4 GB/1TB HDD/Windows 10 Home/AMD Radeon Vega 3 Mobile Graphics /1.9Kg/Black) A315-42","27,990",https://m.media-amazon.com/images/I/718QD+zGlCL._AC_UY218_.jpg,"₹27,990",4.4 out of 5 stars
44,"HP Pavilion x360 Touchscreen 2-in-1 FHD 14-inch Laptop (10th Gen Core i3-10110U/8GB/512GB SSD/Win 10/MS Office/Mineral Silver/1.58 kg), 14-dh1178tu","49,439",https://m.media-amazon.com/images/I/617clKqAqiL._AC_UY218_.jpg,"₹49,439",4.3 out of 5 stars
45,(Renewed) Fujitsu A573 Lifebook with Numeric Keypad Laptop (Intel Core i5 3340m /8 GB/500 GB HDD/Windows 10 / NO Webcam / HDMI / 4 USB/15.6 Inch Screen),"27,290",https://m.media-amazon.com/images/I/61J5eB-TdyL._AC_UY218_.jpg,"₹27,290",
46,(Renewed) Fujitsu A573 Lifebook with Numeric Keypad Laptop (Intel Core i5 3340m /8 GB/1000 GB HDD/Windows 10 / NO Webcam / HDMI / 4 USB/15.6 Inch Screen),"28,790",https://m.media-amazon.com/images/I/61J5eB-TdyL._AC_UY218_.jpg,"₹28,790",
47,"Lenovo Ideapad S145 Intel Core i3 10th Gen 15.6 inch FHD Thin and Light Laptop (8GB/256 GB SSD/Windows 10/Office 2019/Grey/1.85Kg), 81W800B1IN","35,990",https://m.media-amazon.com/images/I/81EoCoV-8tL._AC_UY218_.jpg,"₹35,990",3.8 out of 5 stars
48,(Renewed) Lenovo Thinkpad Yoga S1 Laptop (CORE I7 4TH GEN/8GB/500GB/WEBCAM/12.5'' TOUCH/Windows 10 Pro),"38,990",https://m.media-amazon.com/images/I/61TlPLoFX1L._AC_UY218_.jpg,"₹38,990",
49,(Renewed) Fujitsu A573 Lifebook with Numeric Keypad Laptop (Intel Core i5 3340m /16 GB/1000 GB HDD/Windows 10 / NO Webcam / HDMI / 4 USB/15.6 Inch Screen),"34,790",https://m.media-amazon.com/images/I/61J5eB-TdyL._AC_UY218_.jpg,"₹34,790",
50,"Lenovo IdeaPad Slim 3 AMD Athlon Silver 3050U 15.6 inch HD Thin and Light Laptop (4GB/1TB HDD/Windows 10/MS Office 2019/Integrated AMD Radeon Graphics/Platinum Grey/1.85Kg), 81W100W9IN","27,999",https://m.media-amazon.com/images/I/61Dw5Z8LzJL._AC_UY218_.jpg,"₹27,999",3.0 out of 5 stars
51,"HP 14 Thin & Light 14-inch FHD Laptop (11th Gen Intel i5-1135G7/8GB/512GB SSD/Windows 10/MS Office 2019/Alexa Built-in/Pale Gold/1.47 kg), 14s-dr2006TU","59,292",https://m.media-amazon.com/images/I/81qlKbTuQXL._AC_UY218_.jpg,"₹59,292",3.8 out of 5 stars
52,(Renewed) Fujitsu A573 Lifebook with Numeric Keypad Laptop (Intel Core i5 3340m /4 GB/320 GB HDD/Windows 10 / NO Webcam / HDMI / 4 USB/15.6 Inch Screen),"19,990",https://m.media-amazon.com/images/I/61J5eB-TdyL._AC_UY218_.jpg,"₹19,990",
53,"HP Notebook 250 G7 Laptop 2A9A5PA#ACJ (Intel Celeron N4020/4GB Ram/1TB HDD/15.6 inch HD/Windows 10/Intel UHD Graphics/1.78Kg),Dark Ash Silver","27,400",https://m.media-amazon.com/images/I/91KI7EcBzKL._AC_UY218_.jpg,"₹27,400",3.5 out of 5 stars
54,"Acer One 14 Pentium Dual Core - (4 GB/1 TB HDD/Windows 10 Home) Z2-485 Thin and Light Laptop (14 inch, Silver, 1.8 kg)","23,990",https://m.media-amazon.com/images/I/61xkZLrtL9L._AC_UY218_.jpg,"₹23,990",2.7 out of 5 stars
55,,,,,
56,,,,,
57,,,,,
58,HP 245 G7 Laptop 2D8C6PA (AMD Ryzen 3-3300U/4GB Ram/ 1TB HDD/ 14.0 inch HD /Windows-10/AMD Radeon Vega 6 Graphics/ Dark Ash Silver/1.52Kg),"30,500",https://m.media-amazon.com/images/I/91-L0ug+WQL._AC_UY218_.jpg,"₹30,500",3.6 out of 5 stars
59,"Dell Vostro 3405 14"" FHD AG Display Laptop (Ryzen-5 3500U / 8GB / 512 SSD / Vega 8 Graphics / Win 10 + Office H&S/ Dune Color) D552122WIN9DE","46,190",https://m.media-amazon.com/images/I/51CEknIIHcL._AC_UY218_.jpg,"₹46,190",4.1 out of 5 stars
60,"(Renewed) Acer Chromebook Celeron Dual Core - (4 GB/16 GB EMMC Storage/Chrome OS) C733 Chromebook (11.6 inch, Black, 1.26 kg)","14,999",https://m.media-amazon.com/images/I/41YVCQaRxDL._AC_UY218_.jpg,"₹14,999",
61,HP 15s-gr0006au Laptop 21W92PA (AMD Ryzen 3-3250U/4GB Ram/ 1TB HDD/ 15.6 inch HD/ Win10 + MS Office 2019 / Dark Ash Black),"29,990",https://m.media-amazon.com/images/I/81bmFpJJLtL._AC_UY218_.jpg,"₹29,990",3.9 out of 5 stars
62,"Lenovo Ideapad Slim 3 10th Gen Intel Core i3 14 inch FHD Thin and Light Laptop (4GB/256GB/Windows 10/MS Office/Grey/1.6Kg), 81WD0044IN","41,999",https://m.media-amazon.com/images/I/61s7sJEpsVL._AC_UY218_.jpg,"₹41,999",3.9 out of 5 stars
63,"Dell Inspiron 3593 15.6-inch FHD Laptop (10th Gen Core i3-1005G1/8GB/1TB HDD/Windows 10 Home + MS Office/Intel HD Graphics), Platinum Silver",,https://m.media-amazon.com/images/I/61+Wdmg+ruL._AC_UY218_.jpg,,3.7 out of 5 stars
64,"Lenovo IdeaPad S145 AMD A6-9225 15.6 inch HD Thin and Light Laptop (4GB/1TB HDD/Windows 10/Integrated AMD Radeon Graphics/Platinum Grey/1.85Kg), 81N300KNIN",,https://m.media-amazon.com/images/I/61PXjYVtmqL._AC_UY218_.jpg,,3.1 out of 5 stars
65,"Lenovo ThinkPad E14 Intel Core i3 10th Gen 14-inch Full HD Thin and Light Laptop (4GB RAM/ 256GB SSD/ Windows 10 Home/ Microsoft Office Home & Student 2019/ Black/ 1.69 kg), 20RAS0WH00","40,990",https://m.media-amazon.com/images/I/71k3N4gxNeL._AC_UY218_.jpg,"₹40,990",3.6 out of 5 stars
66,"ASUS VivoBook 14 Intel Core i5-1035G1 10th Gen 14-inch FHD Compact and Light Laptop (8GB RAM/1TB HDD/Windows 10/Integrated Graphics/Transparent Silver/1.60 kg), X409JA-EK581T","43,990",https://m.media-amazon.com/images/I/81t12ZI8TRL._AC_UY218_.jpg,"₹43,990",3.8 out of 5 stars
67,"ASUS TUF Gaming FX505DT 15.6-inch FHD Laptop, Ryzen 5 3550H, GTX 1650 4GB GDDR5 Graphics (8GB RAM/1TB HDD/Windows 10/Stealth Black/2.20 Kg), FX505DT-BQ151T","61,990",https://m.media-amazon.com/images/I/81+YepXiJpL._AC_UY218_.jpg,"₹61,990",4.0 out of 5 stars
68,"Lenovo Yoga Slim 7 AMD Ryzen 7 4800U 14-inch Full HD IPS Thin and Light Laptop (8GB/512GB SSD/Windows 10/MS Office 2019/Integrated AMD Radeon Graphics/Slate Grey/1.33Kg), 82A2008VIN","72,990",https://m.media-amazon.com/images/I/61tcZHczA8L._AC_UY218_.jpg,"₹72,990",3.9 out of 5 stars
69,"MI Notebook 14 (IC) Intel Core i5-10210U 10th Gen Thin and Light Laptop(8GB/512GB SSD/Windows 10/Intel UHD Graphics/Silver/1.5Kg), XMA1901-FK","46,999",https://m.media-amazon.com/images/I/513XIkrVeuL._AC_UY218_.jpg,"₹46,999",4.1 out of 5 stars
70,"ASUS VivoBook 14 (2020) Intel Core i3-1005G1 10th Gen 14-inch FHD Thin and Light Laptop (4GB/256GB NVMe SSD/Integrated Graphics/Windows 10/MS Office 2019/Silver/1.6 kg), X415JA-EK312TS","34,990",https://m.media-amazon.com/images/I/71WuDXpTAlL._AC_UY218_.jpg,"₹34,990",3.7 out of 5 stars
71,"Lenovo V145-AMD-A6 15.6 inch HD Laptop (4GB RAM/ 1TB HDD/ Windows 10 Home/ Black/ 2.1 kg), 81MTA000IH","24,435",https://m.media-amazon.com/images/I/71-La7HQx8L._AC_UY218_.jpg,"₹24,435",3.1 out of 5 stars
72,"Lenovo V145-AMD-A6 15.6 inch HD Laptop (4GB RAM/ 1TB HDD/ Windows 10 Home/ Black/ 2.1 kg), 81MT006YIH","29,990",https://m.media-amazon.com/images/I/314rRH-BnJL._AC_UY218_.jpg,"₹29,990",3.3 out of 5 stars
73,Acer One 14 Z2-485 Intel Core i3 Windows 10 Laptop with Three Year Brand Warranty,"36,999",https://m.media-amazon.com/images/I/41bnR7pCiNL._AC_UY218_.jpg,"₹36,999",
74,,,,,
75,,,,,
76,,,,,
77,HP Notebook PC 245 G7 14-inch Laptop ATHLON-3050U/4GB/1TB/Windows 10 Home/ 1 Year Warranty (21Z04PA),,https://m.media-amazon.com/images/I/61M2uHOa9vL._AC_UY218_.jpg,,4.0 out of 5 stars
78,"HP 15 db1069AU 15.6-inch Laptop (3rd Gen Ryzen 3 3200U/4GB/1TB HDD/Windows 10/MS Office/Radeon Vega 3 Graphics), Jet Black","30,674",https://m.media-amazon.com/images/I/71JZWpHPV+L._AC_UY218_.jpg,"₹30,674",3.6 out of 5 stars
79,(Renewed) Fujitsu A573 Lifebook with Numeric Keypad Laptop (Intel Core i5 3340m /16 GB/2000 GB HDD/Windows 10 / NO Webcam / HDMI / 4 USB/15.6 Inch Screen),"36,590",https://m.media-amazon.com/images/I/61J5eB-TdyL._AC_UY218_.jpg,"₹36,590",
80,(Renewed) Fujitsu A573 Lifebook with Numeric Keypad Laptop (Intel Core i5 3340m /16 GB/240 GB SSD/Windows 10 / NO Webcam / HDMI / 4 USB /15.6 Inch Screen),"34,490",https://m.media-amazon.com/images/I/61J5eB-TdyL._AC_UY218_.jpg,"₹34,490",
81,"LifeDigital ZED AIR CX3 Laptop, 15.6"" IPS FHD, Intel® Core™ i3 5005u/4GB RAM/1TB HDD+128GB Storage/Camera/Type-C Data/Win10, Black","22,990",https://m.media-amazon.com/images/I/71tnnbggvrL._AC_UY218_.jpg,"₹22,990",
82,(Renewed) Fujitsu A573 Lifebook with Numeric Keypad Laptop (Intel Core i5 3340m /4 GB/120 GB SSD/Windows 10 / NO Webcam / HDMI / 4 USB /15.6 Inch Screen),"19,990",https://m.media-amazon.com/images/I/61J5eB-TdyL._AC_UY218_.jpg,"₹19,990",
83,"LifeDigital ZED AIR CX3 Laptop, 15.6"" IPS FHD, Intel® Core™ i3/8GB RAM/2TB HDD + 256GB Storage/Camera/LAN/Windows 10, Black","26,990",https://m.media-amazon.com/images/I/71tnnbggvrL._AC_UY218_.jpg,"₹26,990",
84,(Renewed) Fujitsu A573 Lifebook with Numeric Keypad Laptop (Intel Core i5 3340m /16 GB/120 GB SSD/Windows 10 / NO Webcam / HDMI / 4 USB /15.6 Inch Screen),"33,290",https://m.media-amazon.com/images/I/61J5eB-TdyL._AC_UY218_.jpg,"₹33,290",
85,(Renewed) Fujitsu A573 Lifebook with Numeric Keypad Laptop (Intel Core i5 3340m /16 GB/512 GB SSD/Windows 10 / NO Webcam / HDMI / 4 USB /15.6 Inch Screen),"37,190",https://m.media-amazon.com/images/I/61J5eB-TdyL._AC_UY218_.jpg,"₹37,190",
86,(Renewed) Fujitsu A573 Lifebook with Numeric Keypad Laptop (Intel Core i5 3340m /8 GB/240 GB SSD/Windows 10 / NO Webcam / HDMI / 4 USB /15.6 Inch Screen),"28,490",https://m.media-amazon.com/images/I/61J5eB-TdyL._AC_UY218_.jpg,"₹28,490",
87,(Renewed) Fujitsu A573 Lifebook with Numeric Keypad Laptop (Intel Core i5 3340m /8 GB/180 GB SSD/Windows 10 / NO Webcam / HDMI / 4 USB /15.6 Inch Screen),"28,040",https://m.media-amazon.com/images/I/61J5eB-TdyL._AC_UY218_.jpg,"₹28,040",
88,(Renewed) Fujitsu A573 Lifebook with Numeric Keypad Laptop (Intel Core i5 3340m /4 GB/1000 GB HDD/Windows 10 / NO Webcam / HDMI / 4 USB/15.6 Inch Screen),"25,790",https://m.media-amazon.com/images/I/61J5eB-TdyL._AC_UY218_.jpg,"₹25,790",
89,(Renewed) Fujitsu A573 Lifebook with Numeric Keypad Laptop (Intel Core i5 3340m /8 GB/120 GB SSD/Windows 10 / NO Webcam / HDMI / 4 USB /15.6 Inch Screen),"27,290",https://m.media-amazon.com/images/I/61J5eB-TdyL._AC_UY218_.jpg,"₹27,290",
90,"Dell Inspiron 3501 15.6"" FHD AG Display Laptop (i3-1005G1 / 8GB / 1TB / Integrated Graphics / Win 10 + MSO / Softmint) D560421WIN9S","39,620",https://m.media-amazon.com/images/I/61zbf9g+VDS._AC_UY218_.jpg,"₹39,620",
91,(Renewed) Fujitsu A573 Lifebook with Numeric Keypad Laptop (Intel Core i5 3340m /8 GB/512 GB SSD/Windows 10 / NO Webcam / HDMI / 4 USB /15.6 Inch Screen),"28,990",https://m.media-amazon.com/images/I/61J5eB-TdyL._AC_UY218_.jpg,"₹28,990",
92,Asus X509MA-BR270T/ Silver/ Intel Celeron N4020/ RAM 4GB/ SSD 256GB/ 15.6 inch HD/ FP/ 2Cell/ Win 10SL,"23,270",https://m.media-amazon.com/images/I/71hgzeX--TL._AC_UY218_.jpg,"₹23,270",
93,,,,,
94,,,,,
95,,,,,
96,"LG Gram 10th Gen Intel Core i5-1035G7 14-inch IPS Full HD (1920X1080) Thin and Light Laptop (8GB/256GB SSD/Windows 10 64-bit/Dark Silver/999gms), 14Z90N","62,990",https://m.media-amazon.com/images/I/71Dv5BtTh8L._AC_UY218_.jpg,"₹62,990",3.9 out of 5 stars
97,Dell INSPIRON 3505 15inch FHD AG Laptop (Ryzen-3 3250U / 4 GB / 1TB+256 SSD / Vega Graphics / 1 Yr NBD / Win 10 + MS Office H&S 2019) D560338WIN9S,"37,999",https://m.media-amazon.com/images/I/510MXxwvsiL._AC_UY218_.jpg,"₹37,999",4.1 out of 5 stars
98,"Mi Notebook Horizon Edition 14 Intel Core i5-10210U 10th Gen Thin and Light Laptop(8GB/512GB SSD/Windows 10/Nvidia MX350 2GB Graphics/Grey/1.35Kg), XMA1904-AR+Webcam","53,999",https://m.media-amazon.com/images/I/712rw0zcH8L._AC_UY218_.jpg,53999.00,4.3 out of 5 stars
99,"HP 14 10th Gen Core i3 14-inch Laptop with 4G (LTE), 8GB RAM, 1TB HDD, 14-inch FHD Screen, Windows 10, MS Office, (ER0004TU)","41,403",https://m.media-amazon.com/images/I/71lMJxLkIqL._AC_UY218_.jpg,"₹41,403",3.8 out of 5 stars
100,Lenovo 82C7A006IH V15 ADA Laptop (AMD Athlon Silver 3050U/4GB Ram/ 1TB HDD/ 15.6 inch HD AG/ Windows-10/Integrated AMD Radeon Graphics/ Iron Grey),"27,389",https://m.media-amazon.com/images/I/51RSK3t7tsL._AC_UY218_.jpg,"₹27,389",3.3 out of 5 stars
101,"ASUS TUF Gaming FX505DV 15.6"" FHD 120Hz Laptop RTX 2060 6GB Graphics (Ryzen 7-3750H/16GB RAM/512GB NVMe SSD/Windows 10/Gun Metal/2.20 Kg), FX505DV-AL026T","84,990",https://m.media-amazon.com/images/I/81Mag-I6bpL._AC_UY218_.jpg,"₹84,990",3.8 out of 5 stars
102,"HP 15 (2021) Thin & Light 11th Gen Core i5 Laptop, 8 GB RAM, 512GB SSD, 15.6-inch FHD Screen, Windows 10, MS Office, Built-in Alexa","55,990",https://m.media-amazon.com/images/I/71v8LZ7H+yL._AC_UY218_.jpg,"₹55,990",4.1 out of 5 stars
103,Dell VOSTRO 3405 14inch HD Anti Glare Laptop (Ryzen-3 3250U / 4 GB / 1TB / Vega Graphics / 1 Yr NBD / Win 10 + MSO / Black/ 1.83Kg) D552134WIN9BE,"30,990",https://m.media-amazon.com/images/I/51IsQHLroNL._AC_UY218_.jpg,"₹30,990",3.8 out of 5 stars
104,Dell Inspiron 3595 15.6-inch HD Laptop (A9-9425/4GB/1TB HDD/Win 10 + MS Office/Radeon R5 Integrated Graphics/Silver) D560167WIN9SE,,https://m.media-amazon.com/images/I/711l--hfnHL._AC_UY218_.jpg,,3.2 out of 5 stars
105,"ASUS VivoBook 14 (2020) Intel Core i3-1005G1 10th Gen 14-inch FHD Thin and Light Laptop (8GB RAM/1TB HDD + 128GB NVMe SSD/Integrated Graphics/Windows 10/Slate Grey/1.6 kg), X415JA-EK331T","38,990",https://m.media-amazon.com/images/I/716bvqzz7PL._AC_UY218_.jpg,"₹38,990",4.2 out of 5 stars
106,"HP 245 G7 AMD Ryzen 5 - 3500U 14 inch Laptop (8GB RAM/1TB HDD/Windows 10 /Radeon Vega 8 Graphics/NO ODD) 2D5X7PA (1.52kg,Dark ash Silver)","39,999",https://m.media-amazon.com/images/I/71IOoLyNAaL._AC_UY218_.jpg,"₹39,999",3.8 out of 5 stars
107,"ASUS i3-1005G1//4G/1T/15.6""FHD/Office H&S/Finger Print/ X515JA-EJ302TS Laptop (Transparent Silver )","32,148",https://m.media-amazon.com/images/I/71hgzeX--TL._AC_UY218_.jpg,"₹32,148",1.7 out of 5 stars
108,(Renewed) Dell Latitude E6440 Laptop (Core i5 4th Gen/4GB/240GB SSD/WEBCAM/14''/DOS),"32,990",https://m.media-amazon.com/images/I/61FH4idjrDL._AC_UY218_.jpg,"₹32,990",
109,"Lenovo IdeaPad Slim 3 10th Gen Intel Core i5 15.6-inch Full HD IPS Thin and Light Laptop (8GB/512GB SSD/Windows 10/MS Office 2019/Fingerprint Reader/Platinum Grey/1.85Kg), 81WE018TIN","52,925",https://m.media-amazon.com/images/I/61Dw5Z8LzJL._AC_UY218_.jpg,"₹52,925",4.3 out of 5 stars
110,"Lenovo V14 Intel Core i5 10th Gen 14-inch Full HD Thin and Light Laptop (8GB RAM/ 256GB SSD/ Windows 10 Home/ Grey/ 1.6 kg), 82C4015VIH","43,790",https://m.media-amazon.com/images/I/71iyJJMr-NL._AC_UY218_.jpg,"₹43,790",3.8 out of 5 stars
111,"Dell Vostro 3400 14"" FHD Anti Glare Display Laptop / i5-1135G7 / 8GB / 1TB / Integrated Graphics / 1 Yr NBD / Win 10 + MSO / Dune Color / 1.6Kg/ Backlit Keyboard) D552155WIN9DE","49,990",https://m.media-amazon.com/images/I/51CEknIIHcL._AC_UY218_.jpg,"₹49,990",3.5 out of 5 stars
112,,,,,
113,,,,,
114,,,,,
115,"Lenovo V15 Intel Core i5 10th Gen 15-inch Full HD Thin and Light Laptop (8GB RAM/ 256GB SSD/ Windows 10 Home/ Grey/ 1.85 kg), 82C500PFIH","46,777",https://m.media-amazon.com/images/I/71cd41RWSNL._AC_UY218_.jpg,"₹46,777",3.7 out of 5 stars
116,(Renewed) Fujitsu A573 Lifebook with Numeric Keypad Laptop (Intel Core i5 3340m /4 GB/240 GB SSD/Windows 10 / NO Webcam / HDMI / 4 USB /15.6 Inch Screen),"24,990",https://m.media-amazon.com/images/I/61J5eB-TdyL._AC_UY218_.jpg,"₹24,990",
117,(Renewed) Fujitsu A573 Lifebook with Numeric Keypad Laptop (Intel Core i5 3340m /4 GB/500 GB HDD/Windows 10 / NO Webcam / HDMI / 4 USB/15.6 Inch Screen),"24,290",https://m.media-amazon.com/images/I/61J5eB-TdyL._AC_UY218_.jpg,"₹24,290",
118,"Lenovo Ideapad Slim 3 10th Gen Intel Core i5 15.6 inch FHD Thin and Light Laptop (8GB/1TB/Windows 10/Grey/1.85Kg), 81WE007UIN","42,990",https://m.media-amazon.com/images/I/61Dw5Z8LzJL._AC_UY218_.jpg,"₹42,990",3.6 out of 5 stars
119,"Acer Aspire 3 Ryzen 3 3200U 15.6"" - (4 GB/1TB HDD/Windows 10 Home/AMD Radeon Vega 3 Mobile Graphics /1.9Kg/Black) A315-42","27,990",https://m.media-amazon.com/images/I/718QD+zGlCL._AC_UY218_.jpg,"₹27,990",4.4 out of 5 stars
120,"HP Pavilion x360 Touchscreen 2-in-1 FHD 14-inch Laptop (10th Gen Core i3-10110U/8GB/512GB SSD/Win 10/MS Office/Mineral Silver/1.58 kg), 14-dh1178tu","49,439",https://m.media-amazon.com/images/I/617clKqAqiL._AC_UY218_.jpg,"₹49,439",4.3 out of 5 stars
121,(Renewed) Fujitsu A573 Lifebook with Numeric Keypad Laptop (Intel Core i5 3340m /8 GB/500 GB HDD/Windows 10 / NO Webcam / HDMI / 4 USB/15.6 Inch Screen),"27,290",https://m.media-amazon.com/images/I/61J5eB-TdyL._AC_UY218_.jpg,"₹27,290",
122,(Renewed) Fujitsu A573 Lifebook with Numeric Keypad Laptop (Intel Core i5 3340m /8 GB/1000 GB HDD/Windows 10 / NO Webcam / HDMI / 4 USB/15.6 Inch Screen),"28,790",https://m.media-amazon.com/images/I/61J5eB-TdyL._AC_UY218_.jpg,"₹28,790",
123,"Lenovo Ideapad S145 Intel Core i3 10th Gen 15.6 inch FHD Thin and Light Laptop (8GB/256 GB SSD/Windows 10/Office 2019/Grey/1.85Kg), 81W800B1IN","35,990",https://m.media-amazon.com/images/I/81EoCoV-8tL._AC_UY218_.jpg,"₹35,990",3.8 out of 5 stars
124,(Renewed) Lenovo Thinkpad Yoga S1 Laptop (CORE I7 4TH GEN/8GB/500GB/WEBCAM/12.5'' TOUCH/Windows 10 Pro),"38,990",https://m.media-amazon.com/images/I/61TlPLoFX1L._AC_UY218_.jpg,"₹38,990",
125,(Renewed) Fujitsu A573 Lifebook with Numeric Keypad Laptop (Intel Core i5 3340m /16 GB/1000 GB HDD/Windows 10 / NO Webcam / HDMI / 4 USB/15.6 Inch Screen),"34,790",https://m.media-amazon.com/images/I/61J5eB-TdyL._AC_UY218_.jpg,"₹34,790",
126,"Lenovo IdeaPad Slim 3 AMD Athlon Silver 3050U 15.6 inch HD Thin and Light Laptop (4GB/1TB HDD/Windows 10/MS Office 2019/Integrated AMD Radeon Graphics/Platinum Grey/1.85Kg), 81W100W9IN","27,999",https://m.media-amazon.com/images/I/61Dw5Z8LzJL._AC_UY218_.jpg,"₹27,999",3.0 out of 5 stars
127,"HP 14 Thin & Light 14-inch FHD Laptop (11th Gen Intel i5-1135G7/8GB/512GB SSD/Windows 10/MS Office 2019/Alexa Built-in/Pale Gold/1.47 kg), 14s-dr2006TU","59,292",https://m.media-amazon.com/images/I/81qlKbTuQXL._AC_UY218_.jpg,"₹59,292",3.8 out of 5 stars
128,(Renewed) Fujitsu A573 Lifebook with Numeric Keypad Laptop (Intel Core i5 3340m /4 GB/320 GB HDD/Windows 10 / NO Webcam / HDMI / 4 USB/15.6 Inch Screen),"19,990",https://m.media-amazon.com/images/I/61J5eB-TdyL._AC_UY218_.jpg,"₹19,990",
129,"HP Notebook 250 G7 Laptop 2A9A5PA#ACJ (Intel Celeron N4020/4GB Ram/1TB HDD/15.6 inch HD/Windows 10/Intel UHD Graphics/1.78Kg),Dark Ash Silver","27,400",https://m.media-amazon.com/images/I/91KI7EcBzKL._AC_UY218_.jpg,"₹27,400",3.5 out of 5 stars
130,"Acer One 14 Pentium Dual Core - (4 GB/1 TB HDD/Windows 10 Home) Z2-485 Thin and Light Laptop (14 inch, Silver, 1.8 kg)","23,990",https://m.media-amazon.com/images/I/61xkZLrtL9L._AC_UY218_.jpg,"₹23,990",2.7 out of 5 stars
131,,,,,
132,,,,,
133,,,,,
134,"Lenovo IdeaPad Flex 5 11th Gen Intel Core i3 14-inch FHD IPS 2-in-1 Touchscreen Laptop (8GB/512GB SSD/Win 10/Office 2019/Lenovo Digital Pen Stylus/Fingerprint Reader/Graphite Grey/1.5Kg), 82HS009GIN","50,993",https://m.media-amazon.com/images/I/61ta6vDkCRL._AC_UY218_.jpg,"₹50,993",4.1 out of 5 stars
135,"Lenovo IdeaPad Flex 5 11th Gen Intel Core i7 14-inch FHD IPS 2-in-1 Touchscreen Laptop (16GB/512GB SSD/Win 10/Office 2019/Lenovo Digital Pen Stylus/Fingerprint Reader/Graphite Grey/1.5Kg), 82HS0092IN","83,990",https://m.media-amazon.com/images/I/61ta6vDkCRL._AC_UY218_.jpg,"₹83,990",5.0 out of 5 stars
136,"ASUS ExpertBook P1 (P1440FA)-14 inch Notebook (Intel i3-10110U Processor, 4GB RAM, 1TB HDD, Endless)-P1440FA-FQ2348","29,990",https://m.media-amazon.com/images/I/81-cDyuAeOL._AC_UY218_.jpg,"₹29,990",3.8 out of 5 stars
137,"ASUS i3-1005G1//8G/1TB HDD/15.6""FHD/Office H&S/Finger Print Laptop, X515JA-EJ322TS - Transparent Silver","36,300",https://m.media-amazon.com/images/I/41X5UrYBjqL._AC_UY218_.jpg,"₹36,300",3.6 out of 5 stars
138,"(Renewed) HP Pavilion 13-an0046tu 2018 13.3-inch Laptop (Core i5-8265U/8GB/256GB/Windows 10 Home/Integrated Graphics), Mineral Silver","46,490",https://m.media-amazon.com/images/I/612n84m+EGL._AC_UY218_.jpg,"₹46,490",5.0 out of 5 stars
139,"Acer Aspire 7 Ryzen 5 Quad Core 3550H - (8 GB/512 GB SSD/Windows 10 Home/4 GB Graphics/NVIDIA GeForce GTX 1650 Ti) A715-41G-R7YZ Gaming Laptop (15.6 inch, Charcoal Black, 2.15 kg)","52,990",https://m.media-amazon.com/images/I/418WSiz8uzL._AC_UY218_.jpg,"₹52,990",
140,"ASUS VivoBook 15 (2020) Intel Core i3-1005G1 10th Gen, 15.6-inch FHD Thin and Light Laptop (4GB RAM/1TB HDD/Windows 10/Integrated Graphics/Slate Grey/1.8 Kg), X515JA-EJ301T","31,990",https://m.media-amazon.com/images/I/81oVSSITRQL._AC_UY218_.jpg,"₹31,990",3.2 out of 5 stars
141,"HP 15 (2021) Thin & Light 11th Gen Core i5 Laptop, Iris Xe Graphics, 8 GB RAM, 1TB SSD, 15-inch FHD Screen, Windows 10, MS Office, Built-in Alexa, (FR2005TU)","63,778",https://m.media-amazon.com/images/I/81SdJG3OUjL._AC_UY218_.jpg,"₹63,778",4.2 out of 5 stars
142,"DELL Inspiron 3505 15.6-inch FHD Laptop (Ryzen 7 3700U, 8GB RAM, 512GB SSD, Vega Graphics, Windows 10, Office H&S 2019) Soft Mint","56,390",https://m.media-amazon.com/images/I/81syFo9ehwL._AC_UY218_.jpg,"₹56,390",
143,"Acer Aspire 3 A315-23 15.6-inch Laptop (AMD Athlon Silver 3050U dual-core/4GB/1TB HDD/Window 10, Home, 64Bit/AMD RadeonTM Graphics), Silver","32,990",https://m.media-amazon.com/images/I/610oaBCr+XL._AC_UY218_.jpg,"₹32,990",3.7 out of 5 stars
144,"HP 15 Thin & Light 15.6-inch FHD Laptop (11th Gen Intel Core i5-1135G7, 8GB DDR4, 256GB SSD + 1TB HDD, Win 10 Home, MS Office, 2GB MX350 Graphics, FPR, Natural Silver, 1.76 Kg), 15s-du3047TX","62,990",https://m.media-amazon.com/images/I/71dbvTXW+hL._AC_UY218_.jpg,"₹62,990",3.9 out of 5 stars
145,"Asus Pentium Quad Core - (4 GB/1 TB HDD/Windows 10 Home) X543MA-GQ1020T Laptop (15.6 inch, Transparent Silver, 1.9 kg)","23,990",https://m.media-amazon.com/images/I/417uLvsY+1L._AC_UY218_.jpg,"₹23,990",3.3 out of 5 stars
146,"Dell Inspiron 3501 15.6-inch FHD Laptop (10th Gen Core i3/8GB/1TB HDD + 256GB SSD/Windows 10 + MS Office 2019/Intel HD Graphics/1.83 kg), Black","46,900",https://m.media-amazon.com/images/I/81S+9npA5oL._AC_UY218_.jpg,"₹46,900",3.9 out of 5 stars
147,"Lenovo V15 AMD RYZEN 3 3250U 15.6-inch HD Laptop (4GB/1TB/DOS/Grey/1.85Kg),82C70016IH","28,000",https://m.media-amazon.com/images/I/61ZSIAryRmL._AC_UY218_.jpg,"₹28,000",
148,"HP Chromebook 14a-na0002TU 14-inch Laptop (Celeron N4020/4GB/64GB SSD/Chrome OS/Integrated Graphics), Ceremic White","24,990",https://m.media-amazon.com/images/I/61Gnrgw0mrL._AC_UY218_.jpg,"₹24,990",4.1 out of 5 stars
149,"HP Pavilion Gaming DK0271TX 15.6-inch 144 Hz Screen Laptop (Core i5-9300H/8GB/512GB SSD/Windows 10 Home/MS Office/4GB NVIDIA GeForce GTX 1650 Graphics), Shadow Black","78,000",https://m.media-amazon.com/images/I/81pezrPSgOL._AC_UY218_.jpg,"₹78,000",4.4 out of 5 stars
150,,,,,
151,,,,,
152,,,,,
153,"HP 14 Ultra Thin & Light 14-inch Laptop (10th Gen i3-1005G1/8GB/256GB SSD/Win 10 Home/MS Office/1.47 Kg/Jet Black), 14s-cf3074TU and Wireless Mice Combo","37,689",https://m.media-amazon.com/images/I/81C6qQCC7-L._AC_UY218_.jpg,37689.00,4.0 out of 5 stars
154,"Dell Vostro 3405 14"" FHD Anti Glare Display Laptop (Ryzen-5 3450U / 8GB / 256 SSD / Vega Graphics / Win 10 + MSO / Dune Color) D552148WIN9DE","41,790",https://m.media-amazon.com/images/I/51CEknIIHcL._AC_UY218_.jpg,"₹41,790",5.0 out of 5 stars
155,"Lenovo ThinkPad E15 Intel Core i3 11th Gen 15.6 inch Full HD Thin and Light Laptop (4GB RAM/ 256GB SSD/ DOS/ Black/ 1.7 kg), 20TDS0A200","52,607",https://m.media-amazon.com/images/I/61YI9NujfFL._AC_UY218_.jpg,"₹52,607",
156,"Dell Vostro 3400 14"" FHD Anti Glare Display Laptop (11th Gen i5-1135G7 / 8GB / 512 SSD / Integrated Graphics / Win 10 + Office H&S/ Dune Color /1.64Kg/Backlit Keyboard) D552157WIN9DE","56,390",https://m.media-amazon.com/images/I/51CEknIIHcL._AC_UY218_.jpg,"₹56,390",4.6 out of 5 stars
157,"Dell Alienware m15(R3) 15.6-inch FHD Gaming Laptop (10th Gen Core i7-10750H/16GB/512GB SSD/Windows 10 Home & MS Office/6GB NVIDIA GTX 1660 Ti Graphics), Lunar Light","1,98,590",https://m.media-amazon.com/images/I/61m3N4MBaNL._AC_UY218_.jpg,"₹1,98,590",2.7 out of 5 stars
158,"Microsoft Surface Laptop 3 Intel Core™ i5 10th Gen 13.5 inch Touchscreen Laptop (8GB/128GB SSD/Windows 10 Home/Integrated Graphics/Platinum/1.265kg), VGY-00021","91,999",https://m.media-amazon.com/images/I/61cuElU6PaL._AC_UY218_.jpg,"₹91,999",3.9 out of 5 stars
159,"HP Pavilion Gaming 9th Gen Intel Core i5 Processor 15.6-inch FHD Gaming Laptop (8GB/1TB HDD/M.2 Slot/Windows 10/NVIDIA GTX 1650 4GB/Shadow Black), 15-dk0263TX","62,990",https://m.media-amazon.com/images/I/71dbtO5m-nL._AC_UY218_.jpg,"₹62,990",3.8 out of 5 stars
160,"ASUS ROG Strix G G731GT-H7180T 17.3"" FHD 120Hz Gaming Laptop GTX 1650 4GB Graphics (Core i5-9300H 9th Gen/8GB RAM/1TB NVMe SSD/Windows 10/One-Zone RGB KB/2.85 Kg), Black","79,990",https://m.media-amazon.com/images/I/81NX-eznvZL._AC_UY218_.jpg,"₹79,990",5.0 out of 5 stars
161,"(Renewed) ASUS VivoBook 14 Intel Core i5-1035G1 10th Gen 14-inch FHD Laptop (8GB RAM/1TB HDD + 256GB NVMe SSD/Windows 10/Integrated Graphics/Transparent Silver/1.60 kg), X409JA-EK370T","44,990",https://m.media-amazon.com/images/I/81t12ZI8TRL._AC_UY218_.jpg,"₹44,990",
162,Dell Inspiron 5409 11th Gen 14inch FHD Laptop (11th Gen i5-1135G7 / 8 GB / 512 SSD / Intel Iris Xe Graphics / Win 10 + MS Office/ Pebble) D560363WIN9PE,"61,390",https://m.media-amazon.com/images/I/41XM9wID-+L._AC_UY218_.jpg,"₹61,390",4.0 out of 5 stars
163,Dell Inspiron 3593 15.6 inch FHD Laptop (10th Gen i3-1005G1/ 4GB/ 1TB/ Integrated Graphics/ Win 10 + MS Office/ Silver) D560299WIN9SE,"39,946",https://m.media-amazon.com/images/I/61+Wdmg+ruL._AC_UY218_.jpg,"₹39,946",3.1 out of 5 stars
164,"DELL Inspiron 7490 14-inch Laptop (10th Gen Core i5-10210U/8GB/512GB SSD/Window 10 + Microsoft Office/NVidia 2GB MX250 Graphics), Silver","74,950",https://m.media-amazon.com/images/I/51tId+g+oVL._AC_UY218_.jpg,"₹74,950",3.1 out of 5 stars
165,"Acer Nitro 5 Intel Core i5-9th Gen 15.6-inch Display 1920 x 1080 Thin and Light Gaming Laptop (8GB Ram/1TB HDD/Windows 10 Home/GTX 1650 Graphics/Obsidian Black/2.3 Kgs), AN515-54","59,990",https://m.media-amazon.com/images/I/81IXuyeJhYL._AC_UY218_.jpg,"₹59,990",4.1 out of 5 stars
166,"SellZone Laptop DDR3 2GB RAM for Dell, Asus, HP, Lenovo, Acer Laptops",899,https://m.media-amazon.com/images/I/61SpbF+kpRL._AC_UY218_.jpg,₹899,
167,"Dell Vostro 3501 15.6-inch FHD Laptop (10th Gen Core i3-1005G1/8GB/1TB HDD/Windows 10 Home + MS Office/Intel HD Graphics), Accent Black",,https://m.media-amazon.com/images/I/71Pr66wsxUL._AC_UY218_.jpg,,5.0 out of 5 stars
168,"Dell Inspiron 3501 15.6-inch FHD Laptop (10th Gen Core i3/8GB/1TB HDD/Windows 10 + MS Office 2019/Intel HD Graphics/1.83 kg), Silver","41,749",https://m.media-amazon.com/images/I/51CYuZNUcoL._AC_UY218_.jpg,"₹41,749",3.7 out of 5 stars
169,,,,,
170,,,,,
171,,,,,
172,"HP 14 Laptop (Ryzen 5 3500U/8GB/1TB HDD + 256GB SSD/Win 10/Microsoft Office 2019/Radeon Vega 8 Graphics), DK0093AU","49,490",https://m.media-amazon.com/images/I/81w4VMSLLzL._AC_UY218_.jpg,"₹49,490",4.4 out of 5 stars
173,"(Renewed) HP Chromebook 14a-na0003TU 14-inch Thin & Light Touchscreen Laptop (Intel N4020/4GB/64GB SSD + 256GB Expandable/Chrome OS/1.46 kgs Light), Mineral Silver",,https://m.media-amazon.com/images/I/613WULNEr1L._AC_UY218_.jpg,,5.0 out of 5 stars
174,"Lenovo E41-45 (82BF000EIH) Laptop (AMD A6-7350B/ 4GB RAM/ 1TB HDD/ DOS/ 14 Inch Screen), 1 Year Warranty","22,690",https://m.media-amazon.com/images/I/41T2Oimq0AL._AC_UY218_.jpg,"₹22,690",
175,"(Renewed) AVITA Liber NS14A8INF561-PAF 14-inch Laptop (10th Gen Core i5-10210U/8GB/512GB SSD/Window 10 Home/Integrated Graphics), Golden Matt Black, Special Edition","35,990",https://m.media-amazon.com/images/I/51N8ydkVwFL._AC_UY218_.jpg,"₹35,990",2.6 out of 5 stars
176,"ASUS VivoBook Ultra 15 (2020) Intel Core i3-1115G4 11th Gen, 15.6-inch FHD Thin and Light Laptop (8GB RAM/256GB NVMe SSD/Windows 10/Office 2019/Integrated Graphics/Star Black/1.8 Kg), X513EA-BQ312TS","43,490",https://m.media-amazon.com/images/I/612rSZsXxyL._AC_UY218_.jpg,"₹43,490",4.1 out of 5 stars
177,"ASUS VivoBook 14 (2020) Intel Core i5-1035G1 10th Gen 14-inch FHD Thin and Light Laptop (8GB/1TB HDD + 256GB SSD/2GB GeForce MX130 Graphics/Windows 10/MS Office 2019/Silver/1.6 kg), X415JF-EK522TS","53,990",https://m.media-amazon.com/images/I/71WuDXpTAlL._AC_UY218_.jpg,"₹53,990",3.5 out of 5 stars
178,"ASUS VivoBook Ultra 15 AMD Ryzen 7 4700U 15.6-inch FHD Thin and Light Laptop (8GB RAM/1TB HDD + 256GB NVMe SSD/Windows 10/Integrated Graphics/Bespoke Black/1.80 kg), M513IA-EJ313T","60,990",https://m.media-amazon.com/images/I/61wL4Fa5gFL._AC_UY218_.jpg,"₹60,990",4.1 out of 5 stars
179,"ASUS VivoBook Ultra 15 AMD Ryzen 5 4500U 15.6-inch FHD Thin and Light Laptop (8GB RAM/512GB NVMe SSD/Windows 10/Integrated Graphics/Dreamy White/1.80 kg), M513IA-EJ311T","51,990",https://m.media-amazon.com/images/I/61YbU3Z5yML._AC_UY218_.jpg,"₹51,990",4.5 out of 5 stars
180,"Lenovo Ideapad Slim 3 10th Gen Intel Core i3 15.6 inch Full HD Thin and Light Laptop (8GB/1TB HDD/Windows 10/Platinum Grey/1.85Kg), 81WE00Q5IN",,https://m.media-amazon.com/images/I/61Dw5Z8LzJL._AC_UY218_.jpg,,3.7 out of 5 stars
181,"HP Pavilion x360 Core i3 Touchscreen 14-inch FHD Laptop (i3-10110U/8GB/256GB SSD/Win 10/MS Office/Mineral Silver/1.6kg), 14-dh1181tu","45,490",https://m.media-amazon.com/images/I/617clKqAqiL._AC_UY218_.jpg,"₹45,490",4.3 out of 5 stars
182,"HP 15S du0122TU 15.6-inch Laptop (8th Gen Core i3-8130U/4GB/1TB HDD + 256GB SSD/Windows 10, Home/Intel UHD 620 Graphics), Natural Silver",,https://m.media-amazon.com/images/I/71WMFeS-n5L._AC_UY218_.jpg,,4.6 out of 5 stars
183,"ASUS TUF Gaming FX505DT 15.6-inch FHD 144Hz Laptop, Ryzen 7 3750H, GTX 1650 4GB GDDR5 Graphics (8GB RAM/1TB HDD + 256GB NVMe SSD/Windows 10/Stealth Black/2.20 Kg), FX505DT-HN457T","76,490",https://m.media-amazon.com/images/I/81+YepXiJpL._AC_UY218_.jpg,"₹76,490",4.3 out of 5 stars
184,"ASUS TUF Gaming F15 Laptop 15.6"" FHD 144Hz Intel Core i5 10th Gen, GeForce GTX 1650Ti 4GB Graphics (8GB RAM/1TB HDD + 256GB SSD/Windows 10/Fortress Gray/2.3 Kg), FX566LI-HN026T + Xbox Game Pass for PC","67,990",https://m.media-amazon.com/images/I/914o5xV1+8L._AC_UY218_.jpg,"₹67,990",4.5 out of 5 stars
185,"Lenovo V14 Intel Core i3 10th Gen 14-inch HD Thin and Light Laptop (i3-1005G1/ 4GB RAM/ 1TB HDD/ Windows 10 Home/ Iron Grey/ 1.6 kg), 82C4016SIH","34,100",https://m.media-amazon.com/images/I/71iyJJMr-NL._AC_UY218_.jpg,"₹34,100",3.1 out of 5 stars
186,Dell Latitude 3400 14-inch Business Laptop (8th Gen Core i3-8145U/4GB/1TB HDD/Ubuntu/Intel HD Graphics/Black),"33,390",https://m.media-amazon.com/images/I/51Tfy4ESviL._AC_UY218_.jpg,"₹33,390",3.5 out of 5 stars
187,Lenovo Ideapad Slim 3 AMD Athlon Silver 3050U 15.6 HD Thin and Light Laptop (4GB/1TB HDD/Win/Office/Platinum Grey/1.85Kg) 81W100HKIN + Lenovo 2 Year Extended Warranty with Onsite Service,"27,989",https://m.media-amazon.com/images/I/81KST0l9rSL._AC_UY218_.jpg,27989.00,
188,,,,,
189,,,,,
190,,,,,
191,Lenovo ThinkPad L13 Intel Core i3 10th Gen 13.3-inch HD Laptop (8GB RAM/ 256GB SSD/ Dos/ Black/ 1.38 kg)20R3S10R00,"38,790",https://m.media-amazon.com/images/I/41ZPhywfMqL._AC_UY218_.jpg,"₹38,790",4.2 out of 5 stars
192,"AVITA PURA NS14A6INU541-SGGYB 14-inch Laptop (AMD Ryzen 3-3200U/8GB/256GB SSD/FHD Display/Windows 10 Home in S Mode/AMD Radeon Vega 3 Graphics/1.34 kg), Space Grey with 3 in 1 Sleeve (Grey)","28,990",https://m.media-amazon.com/images/I/51QCE7smtBL._AC_UY218_.jpg,"₹28,990",3.8 out of 5 stars
193,Dell Inspiron 3480 14-inch HD Laptop (Intel Pentium Gold 5405U/4GB/256GB SSD/Win 10 + MS Office/NA Graphics/Black) D560168WIN9BE,,https://m.media-amazon.com/images/I/61HWueG-97L._AC_UY218_.jpg,,4.0 out of 5 stars
194,(Renewed) Dell Lattitude 13.3 inch High Performance Laptop (Intel Celeron 2957U/ 4 GB/ 80 GB SSD/ Wifi/Web cam/Windows Pro OS/MS Office/ 6 Months Warranty),"19,999",https://m.media-amazon.com/images/I/71pE3wXMn5L._AC_UY218_.jpg,"₹19,999",3.0 out of 5 stars
195,"Lenovo ThinkPad E15 Intel Core i3 11th Gen 15.6 inch Full HD Thin and Light Laptop (8GB RAM/ 256GB SSD/ Windows 10 Home/ Microsoft Office Home & Student 2019/ Black/ 1.7 kg), 20TDS0A400","60,941",https://m.media-amazon.com/images/I/413TnGjj57L._AC_UY218_.jpg,"₹60,941",
196,"AVITA LIBER V14 NS14A8INF562-MB 14-inch Laptop (Core i5-10210U/8GB/512GB SSD/FHD/Windows 10 Home/Intel UHD Graphics 620/MS Office 365/1.25KG), Matt Black","40,990",https://m.media-amazon.com/images/I/51eePnxHkJL._AC_UY218_.jpg,"₹40,990",3.9 out of 5 stars
197,Dell Inspiron 3505 15.6-inch FHD Laptop (Ryzen 3 3250U/8GB/256GB SSD+1TB HDD/Windows 10/MS Office 2019/AMD Radeon Vega Graphics) Platinum Silver,"41,490",https://m.media-amazon.com/images/I/51CYuZNUcoL._AC_UY218_.jpg,"₹41,490",3.9 out of 5 stars
198,"Lenovo Ideapad S145 10th Gen Intel Core i3 15.6 inch FHD Thin and Light Laptop (4GB/1TB HDD/Windows/Platinum Grey/1.85Kg), 81W800SAIN + Lenovo 2 Year Extended Warranty with Onsite Service","32,589",https://m.media-amazon.com/images/I/713TxutGr1L._AC_UY218_.jpg,32589.00,
199,"Lenovo ThinkPad E14 Intel Core i5 10th Gen 14-inch Full HD IPS Thin and Light Laptop (8GB RAM/ 512GB SSD/ Windows 10 Home/ Microsoft Office Home & Student 2019/ Silver/ 1.69 kg), 20RAS1G500","58,990",https://m.media-amazon.com/images/I/61ejFYZ5vKL._AC_UY218_.jpg,"₹58,990",4.5 out of 5 stars
200,"Lenovo IdeaPad S145 10th Gen Intel Core i5 15.6-inch Full HD Thin and Light Laptop (8GB/1TB HDD/Windows 10/MS Office 2019/Platinum Grey/1.85Kg), 81W800TEIN","44,490",https://m.media-amazon.com/images/I/61PXjYVtmqL._AC_UY218_.jpg,"₹44,490",3.0 out of 5 stars
201,"Lenovo Ideapad S340 Intel Core i5 10th Generation 14 inch FHD Thin and Light Laptop (8GB/1TB HDD + 256 GB SSD/Windows 10/MS Office/Platinum Grey/1.6Kg), 81VV008TIN","56,700",https://m.media-amazon.com/images/I/81nEs+l5UgL._AC_UY218_.jpg,"₹56,700",3.9 out of 5 stars
202,"Dell Inspiron 3501 15.6-inch FHD Laptop (10th Gen Core i3-1005G1/4GB/1TB HDD/Windows 10 Home + MS Office/Intel HD Graphics),Soft Mint","39,000",https://m.media-amazon.com/images/I/61NRIdN1bcL._AC_UY218_.jpg,"₹39,000",3.4 out of 5 stars
203,"HP 14 10th Gen Intel Core i3 14-inch FHD Laptop (8 GB, 1 TB HDD + 256 GB SSD, Windows 10 Home, MS Office, Natural Silver, 1.51 kg), 14s-cf3028TU","44,630",https://m.media-amazon.com/images/I/81yaUrHPUoL._AC_UY218_.jpg,"₹44,630",
204,Dell Inspiron 5408 14 inch FHD 5000 Series Laptop (10th Gen i5-1035G1/8 GB/512 SSD/2 Gb NVIDIA MX 330 Graphics/Win 10 + MS Office/Pebble) D560210WIN9SE,"61,400",https://m.media-amazon.com/images/I/518ha6z+9PL._AC_UY218_.jpg,"₹61,400",3.8 out of 5 stars
205,"Dell Vostro 3405 14"" FHD AG Display Laptop (Athlon Silver 3050U / 4GB / 256GB SSD / Vega Graphics / Win 10 + Office H&S/Black)","28,990",https://m.media-amazon.com/images/I/71lLCZdrt2L._AC_UY218_.jpg,"₹28,990",
206,"Dell Inspiron 5406 14"" FHD Touch Display 2in1 Laptop (11th Gen i7-1165G7 / 8Gb / 512Gb SSD / Integrated Graphics / Win 10 + MSO / Titan Grey Color / FPR) D560414WIN9S","86,900",https://m.media-amazon.com/images/I/31qlJ0xyQ+L._AC_UY218_.jpg,"₹86,900",
207,,,,,
208,,,,,
209,,,,,
210,"Acer Nitro 5 AN515-43 15.6 inch FHD IPS Display Gaming Laptop (AMD Ryzen 5 3550H/8GB/512GB SSD/Win10/GTX 1650 Graphics), 2.2kgs, Obsidian BlackMicrosoft 365 Personal-One Year Subscription Included","61,589",https://m.media-amazon.com/images/I/81XQ6XRztFL._AC_UY218_.jpg,61589.00,4.3 out of 5 stars
211,"HP 15 11th Gen Intel Core i3 Thin & Light 15.6-inch FHD Laptop (4GB DDR4/1TB HDD/M.2 Slot/Windows 10 Home/MS Office/Jet Black/1.76 Kg), 15s-du3053TU","38,490",https://m.media-amazon.com/images/I/81Ne5qKmE8L._AC_UY218_.jpg,"₹38,490",3.4 out of 5 stars
212,"HP Pavilion Gaming 9th Gen Intel Core i5 Processor 15.6-inch Laptop (Core i5-9300H/8GB/512GB SSD/Windows 10 Home/4GB NVIDIA GeForce GTX 1650 Graphics/Shadow Black), 15-dk0268tx","59,990",https://m.media-amazon.com/images/I/81pezrPSgOL._AC_UY218_.jpg,"₹59,990",4.3 out of 5 stars
213,"Lenovo V15 Intel Core i3 10th Generation 15.6 inch Screen Laptop (4 GB RAM, 1 TB HDD/Win 10 Home/ Colour Name / Weight), Model Number 82C5A00AIH","33,790",https://m.media-amazon.com/images/I/71cd41RWSNL._AC_UY218_.jpg,"₹33,790",3.3 out of 5 stars
214,"Lenovo ThinkPad E14 Intel Core i5 10th Gen 14-inch Full HD IPS Thin and Light Laptop (8GB RAM/ 1TB HDD + 128GB SSD/ Windows 10 Home/ Microsoft Office Home & Student 2019/ Black/ 1.69kg), 20RAS0W500","56,990",https://m.media-amazon.com/images/I/71k3N4gxNeL._AC_UY218_.jpg,"₹56,990",4.1 out of 5 stars
215,"Lenovo IdeaPad S540 10th Gen Intel Core i5 15.6"" FHD IPS Thin & Light Laptop 8GB/1TB HDD/256GB SSD/Win10/MSO/NVIDIA MX250 2GB GDDR5 Graphics/1.8Kg 81NG00BVIN + Lenovo 15.6"" Laptop Urban Backpack B530","63,652",https://m.media-amazon.com/images/I/91pguVrE9cL._AC_UY218_.jpg,63652.00,4.0 out of 5 stars
216,"LifeDigital ZED AIR CX7 15.6 IPS FHD Screen Black Laptop (Intel Core i7, 8GB RAM, 512GB SSD, Windows 10)","40,990",https://m.media-amazon.com/images/I/71tnnbggvrL._AC_UY218_.jpg,"₹40,990",3.5 out of 5 stars
217,"Lenovo Legion 5Pi 10th Gen Intel Core i7 15.6"" FHD Gaming Laptop (16GB/1TB SSD/Windows 10/MS Office 2019/144 Hz/NVIDIA RTX 2060 6GB GDDR6/with M300 RGB Gaming Mouse/Iron Grey/2.3Kg), 82AW005SIN","1,35,490",https://m.media-amazon.com/images/I/61pW8BWBq1L._AC_UY218_.jpg,"₹1,35,490",4.3 out of 5 stars
218,"(Renewed) Dell Latitude Laptop E5570 Intel Core i5 - 6300u Processor, 16 GB Ram & 128 GB SSD, 15.6 Inches Numeric Keypad Notebook Computer","49,990",https://m.media-amazon.com/images/I/51UL0jj-UfL._AC_UY218_.jpg,"₹49,990",
219,"Lenovo IdeaPad Slim 3 AMD Ryzen 5 4500U 14-inch Full HD Thin and Light Laptop (8GB/512GB SSD/Windows 10/MS Office 2019/Integrated AMD Radeon Graphics/Platinum Grey/1.5Kg), 81W30057IN","47,990",https://m.media-amazon.com/images/I/61s7sJEpsVL._AC_UY218_.jpg,"₹47,990",3.5 out of 5 stars
220,Asus VivoBook Core i3 7th Gen - (4 GB/1 TB HDD/Windows 10 ) X543UA-DM341T 15.6 Inch Laptop,"29,990",https://m.media-amazon.com/images/I/417uLvsY+1L._AC_UY218_.jpg,"₹29,990",2.9 out of 5 stars
221,"(Renewed) HP ProBook 430 G3 Laptop (CORE I5 6TH GEN/4GB/256GB SSD/WEBCAM/13.3""/Windows 10 Pro)","36,490",https://m.media-amazon.com/images/I/61TBJislFSL._AC_UY218_.jpg,"₹36,490",
222,Acer Aspire 5 Thin and Light Laptop Intel Core I5 11th Gen ( 8 GB/512 GB SSD/ Windows 10 Home/ Iris Xe Graphic) A515-56-54FN with 39.6 cm (15.6 Inch) with FHD Display / 1.65 Kgs,"53,930",https://m.media-amazon.com/images/I/71q9NsahLQL._AC_UY218_.jpg,"₹53,930",3.6 out of 5 stars
223,"Lenovo Ideapad S145 AMD Ryzen 5 15.6 inch FHD Laptop (4GB/1TB HDD/Windows 10/MS Office/Grey/1.85Kg), 81UT00J7IN","36,785",https://m.media-amazon.com/images/I/81EoCoV-8tL._AC_UY218_.jpg,"₹36,785",3.3 out of 5 stars
224,"ASUS VivoBook 14 Intel Core i3-1005G1 10th Gen 14-inch FHD Compact and Light Laptop (4GB RAM/1TB HDD/Windows 10/Integrated Graphics/Slate Grey/1.60 kg), X409JA-EK011T","34,699",https://m.media-amazon.com/images/I/81IXo6zRLxL._AC_UY218_.jpg,"₹34,699",3.6 out of 5 stars
225,"Avita Magus NS12T5IN003P 12.2-inch Touchscreen 2-in-1 FHD Thin and Light Laptop (Celeron N3350/4GB/64GB/Windows 10 Home/Integrated Graphics), Seashell Pink","19,990",https://m.media-amazon.com/images/I/812RUcgVh8L._AC_UY218_.jpg,"₹19,990",5.0 out of 5 stars
226,,,,,
227,,,,,
228,,,,,
229,(Renewed) Dell Latitude E6440 Laptop (Core i5 4th Gen/8GB/320GB/WEBCAM/14''/DOS),"34,990",https://m.media-amazon.com/images/I/61Zp8adp7LL._AC_UY218_.jpg,"₹34,990",
230,"HP 15 db1059au  15.6-inch Laptop (Ryzen 3 3200U/4GB/1TB HDD/Win 10/MS Office 2019/AMD Radeon Vega 3 Graphics), Natural Silver","30,990",https://m.media-amazon.com/images/I/61bLdQV8WfL._AC_UY218_.jpg,"₹30,990",3.1 out of 5 stars
231,"ASUS VIVOBOOK X515JA-EJ321T i3-1005G1//8G/1TB HDD/Slate GREY/15.6""FHD/1Y International Warranty + McAfee//Finger Print/","39,990",https://m.media-amazon.com/images/I/71NSlf4DcVL._AC_UY218_.jpg,"₹39,990",4.4 out of 5 stars
232,Dell Inspiron 3505 15.6-inch FHD Laptop (AMD Ryzen 3 3250U/8GB/1TB HDD/Windows 10/MS Office 2019/AMD Radeon Vega Graphics) Black,"36,900",https://m.media-amazon.com/images/I/81S+9npA5oL._AC_UY218_.jpg,"₹36,900",3.7 out of 5 stars
233,ASUS P1411CJA-EK360 Laptop (10th Gen Intel Core i3-1005G1 /4GB RAM/1TB HDD/DOS / 14 inch Display) (Slate Grey),,https://m.media-amazon.com/images/I/41bRLB-NqEL._AC_UY218_.jpg,,5.0 out of 5 stars
234,"Lenovo Ideapad Slim 3 Intel Core i3 10th Gen 14 inch FHD Thin and Light Laptop (4GB/256 GB SSD/Windows/Office/Platinum Grey/1.6Kg), 81WD00L1IN","37,883",https://m.media-amazon.com/images/I/61s7sJEpsVL._AC_UY218_.jpg,"₹37,883",3.4 out of 5 stars
235,Dell Inspiron 5502 15.6 Inch FHD 11th gen Laptop (i5-1135G7 / 8GB / 512 SSD / MX330 2GB Card Nvidia Graphics Card/ Win 10 + MS Office H&S / Silver) D560364WIN9S,"70,940",https://m.media-amazon.com/images/I/61FnUvGa1NL._AC_UY218_.jpg,"₹70,940",3.3 out of 5 stars
236,(Renewed) Lenovo IdeaPad 320E-15IKB 80XL03FYIN 15.6-inch Laptop (7th Gen Core i5-7200U/4GB/1TB/Windows 10/ Integrated Graphics/with Pre-Installed MS Office),"33,999",https://m.media-amazon.com/images/I/71EbLbg9-yL._AC_UY218_.jpg,"₹33,999",
237,(Renewed) Dell Latitude E6440 Laptop(CORE I5 4TH GEN/4GB/500GB/WEBCAM/14''/Windows 10 Home),"30,990",https://m.media-amazon.com/images/I/61FH4idjrDL._AC_UY218_.jpg,"₹30,990",
238,"Acer Aspire 3 AMD Ryzen 3 15.6-inch Full HD 1366 x 768 Display Thin and Light Laptop (4GB Ram/1TB HDD/Window 10, Home/Integrated Graphics/Pure Silver), A315-23","32,949",https://m.media-amazon.com/images/I/610oaBCr+XL._AC_UY218_.jpg,"₹32,949",3.8 out of 5 stars
239,Dell Vostro 3401 14inch FHD AG Display Laptop (10th gen i3-1005G1 / 4GB / 1TB / Integrated Graphics / 1 yr NBD Warranty/ Win 10 + MS Office H&S 2019 / Black) + Dell Pro Slim Backpack 15 - PO1520PS,"37,246",https://m.media-amazon.com/images/I/81im-QCn98L._AC_UY218_.jpg,37246.00,
240,"ASUS VivoBook 14 (2020) AMD Ryzen 3 3250U 14-inch FHD Thin and Light Laptop (4GB/1TB HDD/Integrated Graphics/Windows 10/Slate Grey/1.6 kg), M415DA-EK301T","34,990",https://m.media-amazon.com/images/I/716bvqzz7PL._AC_UY218_.jpg,"₹34,990",3.4 out of 5 stars
241,"Lenovo IdeaPad Gaming 3 AMD Ryzen 5 4600H 15.6-inch Full HD IPS Laptop (8GB/512GB SSD/Windows 10/NVIDIA GTX 1650 4GB GDDR6 Graphics/Onyx Black/2.2Kg), 82EY00L9IN","60,990",https://m.media-amazon.com/images/I/61TlKHyOHLL._AC_UY218_.jpg,"₹60,990",4.8 out of 5 stars
242,"HP Pavilion Gaming 11th Gen Intel Core i7 Processor 15.6-inch FHD Gaming Laptop (16GB/512GB SSD + 32GB Intel Optane/Windows 10/NVIDIA 1650 4GB/Shadow Black), 15-dk1151TX","83,128",https://m.media-amazon.com/images/I/81AjubmYe0L._AC_UY218_.jpg,"₹83,128",
243,HP 240 G7 Laptop 1S5F1PA#ACJ (10th Gen Intel Core i3-1005G1/4 GB RAM/1TB HDD/14.0 inch/DOS/Intel UHD Graphics/1.52 kg) Dark Ash Silver,"36,300",https://m.media-amazon.com/images/I/51er-EWLtpL._AC_UY218_.jpg,"₹36,300",3.8 out of 5 stars
244,"(Renewed) Dell Latitude E5450 14.5-inch Laptop (5th Gen Core i3 5500U/8GB/500GB/Windows10/MS Office2019 Pro/Integrated Graphics/Gaming laptop), Black","34,599",https://m.media-amazon.com/images/I/71xBk9UA9HL._AC_UY218_.jpg,"₹34,599",
245,,,,,
246,,,,,
247,,,,,
248,Dell Inspiron 3593 15.6-inch FHD Laptop (10th Gen Core i3-1005G1/8GB/1TB HDD/Windows 10 Home + MS Office/Intel HD Graphics) Black,"42,000",https://m.media-amazon.com/images/I/71qqJLy5VHL._AC_UY218_.jpg,"₹42,000",3.6 out of 5 stars
249,"Lenovo Ideapad Slim 3 10th Gen Intel Core i3 15.6 inch FHD Thin and Light Laptop (4GB/1TB/Windows 10/MS Office/Grey/1.85Kg), 81WE0081IN","34,990",https://m.media-amazon.com/images/I/61Dw5Z8LzJL._AC_UY218_.jpg,"₹34,990",2.6 out of 5 stars
250,"HP 15 10th Gen Intel Core i3 15.6-inch FHD Alexa Built-in Laptop (i3-10110U/4GB/1TB HDD/Win 10/MX130 2GB Graphics/ MS Office/Jet Black/1.74kg), 15s-du2060TX and Bag Combo","41,035",https://m.media-amazon.com/images/I/819835Wdi0L._AC_UY218_.jpg,41035.00,2.8 out of 5 stars
251,Dell Inspiron 3493 14inch FHD Anti Glare Laptop (10th Gen i3-1005G1 / 4GB / 1 TB / Integrated Graphics / 1 Yr NBD Warranty / Win 10 + MS Office H&S 2019 / with Bag) D560188WIN9S,,https://m.media-amazon.com/images/I/41EF9jL5JxL._AC_UY218_.jpg,,3.0 out of 5 stars
252,"HP Laptop 250 G7 (1S5F9PA) Core i5 10th Gen 8Gb Ram/ 1Tb HDD/ 15.6""/ DVDRW/Windows 10 Home/ 1 Year Warranty","50,690",https://m.media-amazon.com/images/I/71nTZkJByLL._AC_UY218_.jpg,"₹50,690",3.3 out of 5 stars
253,"(Renewed) Dell Latitude Laptop 3340 Intel Core i3 - 4005u Processor, 8 GB Ram & 256 GB SSD, Win10,13.3 Inches Notebook Computer","28,390",https://m.media-amazon.com/images/I/51v9dYlc6EL._AC_UY218_.jpg,"₹28,390",
254,"HP Envy x360 Convertible Touchscreen 13.3-inch FHD Laptop (3rd Gen Ryzen 5 4500U/8GB/512GB SSD/Win 10 Home/Night Fall Black/1.32kg), 13-ay0045AU","73,877",https://m.media-amazon.com/images/I/61nTgrUV+jL._AC_UY218_.jpg,"₹73,877",4.6 out of 5 stars
255,Lenovo V14 AMD RYZEN 3 3250U 14-inch HD Laptop (4GB/1TB/Dos/Iron Grey/1.85Kg) 82C6000KIH,"27,994",https://m.media-amazon.com/images/I/51ZE3adhGVL._AC_UY218_.jpg,"₹27,994",3.3 out of 5 stars
256,"ASUS ROG Zephyrus G14, 14"" FHD 120Hz, Ryzen 5 4600HS, GeForce GTX 1650Ti 4GB Graphics, Gaming Laptop (8GB/1TB SSD/MS Office 2019/Windows 10/Eclipse Gray/Without Anime Matrix/1.6 Kg), GA401II-HE169TS","84,990",https://m.media-amazon.com/images/I/81i1XE-J04L._AC_UY218_.jpg,"₹84,990",4.3 out of 5 stars
257,"Lenovo IdeaPad Flex 5 11th Gen Intel Core i3 14-inch FHD IPS 2-in-1 Touchscreen Laptop (8GB/256GB SSD/Win 10/Office 2019/Lenovo Digital Pen Stylus/Fingerprint Reader/Graphite Grey/1.5Kg), 82HS008YIN","49,993",https://m.media-amazon.com/images/I/61ta6vDkCRL._AC_UY218_.jpg,"₹49,993",4.2 out of 5 stars
258,iBall Merit G9 11.6-Inch Laptop (Intel Celeron 2GB/32GB/Windows 10) Light Weight-Cobalt Blue,,https://m.media-amazon.com/images/I/81N4I+AavcL._AC_UY218_.jpg,,3.1 out of 5 stars
259,"Lenovo V14 Intel Core i3 10th Gen 14-inch HD Thin and Light Laptop (4GB RAM/ 1TB HDD/ Windows 10 Professional/ Grey/ 1.6 kg), 82C4016TIH","36,500",https://m.media-amazon.com/images/I/71iyJJMr-NL._AC_UY218_.jpg,"₹36,500",3.9 out of 5 stars
260,"Lenovo ThinkPad E15 Intel Core i5 11th Gen 15.6 inch Full HD Thin and Light Laptop (8GB RAM/ 512GB SSD/ Windows 10 Home/ Microsoft Office Home & Student 2019/ Black/ 1.7 kg), 20TDS0AC00","77,487",https://m.media-amazon.com/images/I/413TnGjj57L._AC_UY218_.jpg,"₹77,487",
261,"HP 15 11th Gen Intel Core i3 Processor 15.6-inch FHD Laptop with Alexa Built-in(8GB/512GB SSD/Win 10/MS Office/Jet Black/1.69 Kg), 15s-fq2072TU","43,990",https://m.media-amazon.com/images/I/61B9Y6Vk8OL._AC_UY218_.jpg,"₹43,990",3.0 out of 5 stars
262,HP 14s core i5 10th Gen 14 inch FHD Laptop (8 GB/256 GB SSD/1TB HDD/Windows 10/MS Office 2019/Natural Silver /1.43kg) 14s-cr2000tu,"57,998",https://m.media-amazon.com/images/I/81yaUrHPUoL._AC_UY218_.jpg,"₹57,998",4.3 out of 5 stars
263,"Acer Swift 3 SF314-52 14-inch Laptop (Intel Core i5-8250U/4GB/256GB/Windows 10 Home Single Language/Integrated Graphics), Stellar Blue","48,990",https://m.media-amazon.com/images/I/61YYKUTc3vL._AC_UY218_.jpg,"₹48,990",
264,,,,,
265,,,,,
266,,,,,
267,"Acer Aspire 3 Intel Core i5-10th Gen 15.6 - inch 1920 x 1080 Thin and Light Laptop (8GB Ram/1TB HDD/Window 10/Intel UHD Graphics/Black/1.9 kgs), A315-56","44,790",https://m.media-amazon.com/images/I/810mRHoIxML._AC_UY218_.jpg,"₹44,790",3.6 out of 5 stars
268,"HP Pavilion x360 (2021) 14"" FHD Touchscreen Laptop, 11th Gen Core i5, 8 GB RAM, 512GB SSD, 2-in-1 Convertible, Windows 10, MS Office, Finger Print Reader, (DW1038TU)","63,276",https://m.media-amazon.com/images/I/617clKqAqiL._AC_UY218_.jpg,"₹63,276",4.0 out of 5 stars
269,"Acer Nitro 5 Intel Core i7-9th Gen 17.3-inch Display 1920 x 1080 Gaming Laptop (8GB Ram/2TB HDD/256GB SSD/Window 10 Home/6GB NVIDIA GeForce GTX 1660 Ti Graphics/Black), AN517-51","79,990",https://m.media-amazon.com/images/I/414jbFMA2rL._AC_UY218_.jpg,"₹79,990",4.1 out of 5 stars
270,"HP Pavilion x360 Touchscreen 2-in-1 FHD 14-inch Laptop 14-inch Laptop (10th Gen Core i5-10210U/8GB/512GB SSD/Win 10/MS Office/Mineral Silver/1.58 kg), 14-dh1179tu","60,490",https://m.media-amazon.com/images/I/617clKqAqiL._AC_UY218_.jpg,"₹60,490",4.3 out of 5 stars
271,"VC Lenovo IdeaPad Slim 3 AMD Athlon Silver 3050U 15.6 inch HD Thin and Light Laptop (4GB/1TB HDD/Windows 10/MS Office 2019/Integrated AMD Radeon Graphics/Platinum Grey/1.85Kg), 81W100W9IN",,https://m.media-amazon.com/images/I/61-3ZMgkDiL._AC_UY218_.jpg,,
272,"Dell Inspiron 5558 X560568IN9 15.6-inch Laptop (Core i5 5250/8GB/1TB/Windows 8.1/Nvidia GeForce 920M 4GB DDR3 Graphics), Silver","49,990",https://m.media-amazon.com/images/I/41J6aWEm5jL._AC_UY218_.jpg,"₹49,990",3.6 out of 5 stars
273,Lenovo Ideapad Gaming 3 10th Gen Intel Core i7 15.6-inch FHD IPS Gaming Laptop (8GB/1TB HDD + 256 GB SSD/Windows10/NVIDIA GTX 1650 Ti 4GB GDDR6/with M100 RGB Gaming Mouse/Onyx Black/2.2Kg) 81Y400BPIN,"82,990",https://m.media-amazon.com/images/I/61fpo-87DyL._AC_UY218_.jpg,"₹82,990",
274,"Asus ROG Zephyrus S Ultra Slim Gaming Laptop, 15.6"" 144Hz IPS Type FHD, GeForce RTX 2070, Intel Core i7-8750H, 16GB DDR4, 512GB PCIe NVMe SSD, Aura Sync RGB, Windows 10, GX531GW-AS76",,https://m.media-amazon.com/images/I/81rs2YCE4IL._AC_UY218_.jpg,,4.3 out of 5 stars
275,(Renewed) Dell Latitude 14 inch Laptop (Intel Core 2 Duo P8400/ 4 GB/ 500 GB/ Wifi/Web cam/Windows Pro OS/MS Office/ 6 Months Warranty),"22,999",https://m.media-amazon.com/images/I/41HX-fECehL._AC_UY218_.jpg,"₹22,999",
276,"Dell Vostro 3401 14"" FHD Anti Glare Display Laptop / i3-1005G1 / 4GB / 1TB + 256GB SSD/ Integrated Graphics / 1 Yr NBD / Win 10 + Office H&S/ Black) D552127WIN9DE","39,590",https://m.media-amazon.com/images/I/8147cwFm2PL._AC_UY218_.jpg,"₹39,590",4.1 out of 5 stars
277,"Dell Inspiron 5406 11th Gen 14inch FHD 2in1 Laptop( i3-1115G4 / 4GB / 512 SSD / Integrated Graphics/ Win 10/ MS Office 19/ Active Pen/Platinum Silver),D560366WIN9S","53,990",https://m.media-amazon.com/images/I/51YwG-FYB5L._AC_UY218_.jpg,"₹53,990",4.1 out of 5 stars
278,"(Renewed) DELL Inspiron 3567 15.6-inch Laptop (Core i5-7200U/8GB/1TB/Windows/Integrated Graphics), Black","35,999",https://m.media-amazon.com/images/I/41iG8IlFcCL._AC_UY218_.jpg,"₹35,999",
279,"Acer Aspire ES-15 NX.GKQSI.015 15.6-inch Laptop (Core i3-6006U/4GB/500GB/Linux/Integrated Graphics), Black","28,499",https://m.media-amazon.com/images/I/71YIZZqRLfL._AC_UY218_.jpg,"₹28,499",
280,DELL INSPIRON 3505 15 Inch FHD AG Laptop (Ryzen-3 3250U / 4 GB / 1TB / Vega Graphics / 1 Yr NBD / Win 10 + MS Office H&S 2019) D560335WIN9S,"34,199",https://m.media-amazon.com/images/I/61NRIdN1bcL._AC_UY218_.jpg,"₹34,199",3.0 out of 5 stars
281,(Renewed) HP  Laptop 15s-du0096TU IN-Core i5-8265U 8th Gen/8GB DDR-4/256GB SSD/Windows 10 Home/Intel® UHD Graphics 620/2.04 kg/Natural Silver/15.6-inch,"41,990",https://m.media-amazon.com/images/I/41W3SGTZdYL._AC_UY218_.jpg,"₹41,990",
282,"Lenovo V145-AMD-A6 15.6 inch HD Thin and Light Laptop (4GB RAM/ 1TB HDD/ DOS/ with DVD Writer/ Black/ 2.1 kg), 81MT0034IH","24,999",https://m.media-amazon.com/images/I/51kZcZbvdpL._AC_UY218_.jpg,"₹24,999",3.3 out of 5 stars
283,,,,,
284,,,,,
285,,,,,
286,"Lenovo V15 AMD Ryzen 3 3250U 15.6-inch HD Laptop (4GB/1TB/Windows 10/AMD Radeon Graphics/Grey/1.85Kg),82C70017IH","30,199",https://m.media-amazon.com/images/I/61U0JQ6HnHL._AC_UY218_.jpg,"₹30,199",3.9 out of 5 stars
287,"Dell Inspiron 3501 15.6-inch FHD Laptop (11th Gen Core i5-1135G7/4GB/1TB HDD+256GB SSD/Windows 10 Home + MS Office/Intel HD Graphics),Black","54,900",https://m.media-amazon.com/images/I/81BuSX1NFqL._AC_UY218_.jpg,"₹54,900",3.5 out of 5 stars
288,"Coconics Enabler Laptop C1C11, Intel® Celeron® Processor N4000 (1.1 GHz ~ 2.60 GHz), 11.6 Inch FHD (1920x1080) Display, Black, 4GB RAM (LPDDR4), 128GB SSD Storage, 990gms Only (Windows 10 Pro)","21,009",https://m.media-amazon.com/images/I/71NVaQMnZyL._AC_UY218_.jpg,"₹21,009",
289,"Acer Aspire 3 A315-56 15.6-inch Laptop ( Intel Core i3 10th Generation/4GB/1TB HDD+1TB SSD/Window 10, Home/Intel UHD Graphics), Black","45,000",https://m.media-amazon.com/images/I/711ixGolNUL._AC_UY218_.jpg,"₹45,000",3.5 out of 5 stars
290,"Dell Vostro 3400 14"" FHD Anti Glare Display Laptop (11th Gen i5-1135G7 / 8GB / 1TB / Integrated Graphics / Win 10 + MS Office / Black/ 1.58Kg) D552154WIN9BE","47,048",https://m.media-amazon.com/images/I/8147cwFm2PL._AC_UY218_.jpg,"₹47,048",3.2 out of 5 stars
291,"Lenovo ThinkPad E15 Intel Core i5 10th Gen 15.6-inch Full HD IPS Thin and Light Laptop (8GB RAM/ 1TB HDD + 128GB SSD/ Windows 10 Home/ Microsoft Office Home & Student 2019 / Black/ 1.9 kg), 20RDS18B00","59,490",https://m.media-amazon.com/images/I/71tCSEJgUgL._AC_UY218_.jpg,"₹59,490",4.3 out of 5 stars
292,"(Renewed) HP 14 Core i5 8th gen 14-inch FHD Laptop (8GB/256GB SSD/Windows 10/MS Office/Jet Black/2.04 kg), 14-cs1002TU","39,490",https://m.media-amazon.com/images/I/71Z2Dv87wAL._AC_UY218_.jpg,"₹39,490",3.1 out of 5 stars
293,"Dell Inspiron 5301 13.3"" FHD IPS Anti Glare Display 11th Gen Laptop (i5-1135G7 / 8 GB / 512 SSD / Integrated Graphics / Win 10 + MSO / Silver) D560378WIN9S","65,590",https://m.media-amazon.com/images/I/61XDdm6uPiL._AC_UY218_.jpg,"₹65,590",4.3 out of 5 stars
294,"ASUS E410MA-EK319T (Intel Pentium Silver N5030 (Quad Core)/4 GB RAM/256 GB PCIe SSD/14""FHD/NumberPad/ Peacock Blue /1 Yr. Warranty)","28,490",https://m.media-amazon.com/images/I/51BCmWsEOOL._AC_UY218_.jpg,"₹28,490",3.9 out of 5 stars
295,"Lenovo IdeaPad S340 10th Gen Intel Core i5 14 inch Full HD IPS Thin and Light Laptop (8GB/1TB HDD + 256GB SSD/Windows 10/MS Office 2019/Platinum Grey/1.6Kg), 81VV00KKIN","54,550",https://m.media-amazon.com/images/I/81nEs+l5UgL._AC_UY218_.jpg,"₹54,550",4.0 out of 5 stars
296,Dell Inspiron 3505 15.6-inch FHD Laptop (AMD Ryzen 3 3250U/8GB/1TB HDD/Windows 10/MS Office 2019/AMD Radeon Vega Graphics) Platinum Silver,"39,990",https://m.media-amazon.com/images/I/51CYuZNUcoL._AC_UY218_.jpg,"₹39,990",3.4 out of 5 stars
297,Dell Latitude E5440 14in Notebook PC - Intel Core i5-4300u 1.9GHz 8GB 128 SSD Windows 10 Professional (Renewed),"34,949",https://m.media-amazon.com/images/I/71A5UVtGb4L._AC_UY218_.jpg,"₹34,949",4.2 out of 5 stars
298,"HP 245 G7 AMD Ryzen 5 - 3500U 14 inch Laptop (8GB RAM/1TB HDD/Windows 10 PRO/Radeon Vega 8 Graphics/NO ODD) 1S5F5PA (1.52kg,Dark ash Silver)","42,790",https://m.media-amazon.com/images/I/71JlkAkiOKL._AC_UY218_.jpg,"₹42,790",4.0 out of 5 stars
299,"Asus Vivobook M515DA-EJ002TS- AMD Athlon Silver 3050U, 2.3 GHz / 4GB DDR4 / 1TB HDD / 15.6""FHD / AMD Radeon™ Integrated Graphics / Windows 10 Home / Ms Office H&S 2019 / 1Yr Warranty / Silver","26,590",https://m.media-amazon.com/images/I/71aec+C8jOL._AC_UY218_.jpg,"₹26,590",3.6 out of 5 stars
300,"MSI Modern 14, AMD Ryzen 5 4500U, 14"" FHD Laptop (8GB/512GB NVMe SSD/Windows 10 Home/Carbon Grey/1.3Kg), B4MW-238IN","54,990",https://m.media-amazon.com/images/I/71WWlQPXLOL._AC_UY218_.jpg,"₹54,990",3.8 out of 5 stars
301,"Lenovo IdeaPad Slim 5 11th Gen Intel Core i5 14"" FHD IPS Thin & Light Laptop (8GB/512GB SSD/Win 10/Office/Intel Iris Xe Graphics/Fingerprint Reader/Graphite Grey/Aluminium Surface/1.39Kg), 82FE00K0IN","58,990",https://m.media-amazon.com/images/I/718uP1QbQQL._AC_UY218_.jpg,"₹58,990",
302,,,,,
303,,,,,
304,,,,,
305,"Lenovo ThinkBook 14 Intel Core i3 10th Gen 14-inch Full HD Thin and Light Laptop (4GB RAM/ 1TB HDD/ DOS/ Mineral Gray/ 1.49 kg), 20SL00LUIH","37,499",https://m.media-amazon.com/images/I/71TfvpA+6gL._AC_UY218_.jpg,"₹37,499",5.0 out of 5 stars
306,"HP Pavilion Gaming 15.6-inch FHD Gaming Laptop (Ryzen 5-3550H/8GB/1TB HDD/Windows 10/NVIDIA GTX 1650 4GB/Shadow Black/2.25 kg), 15-ec0100AX","53,990",https://m.media-amazon.com/images/I/71FeUtw+TPL._AC_UY218_.jpg,"₹53,990",3.5 out of 5 stars
307,"Lenovo Ideapad D330-10IGM 81H300ENIN 10.1-inch Detachable Laptop with Stylus (2-in-1) (Intel DC N4000, 4GB RAM, 128GB SSD, 5MP | 2MP, Windows 10 Pro, 5080mAH) - 81H300ENIN","29,200",https://m.media-amazon.com/images/I/41Lsx-J06pL._AC_UY218_.jpg,"₹29,200",1.0 out of 5 stars
308,"ASUS VivoBook 14 Intel Core i3-1005G1 10th Gen 14-inch FHD Compact and Light Laptop (4GB RAM/1TB HDD/Win.10/1 Yr. McAfee/Integrated Graphics/Slate Grey/1.60 kg), X415JA-EK104T","34,990",https://m.media-amazon.com/images/I/71zKXppEVnL._AC_UY218_.jpg,"₹34,990",
309,"Lenovo Legion 5 10th Gen Intel Core i5 15.6 inch Full HD Gaming Laptop (8GB/1TB HDD + 256GB SSD/Windows 10/120 Hz/NVIDIA GTX 1650Ti 4GB GDDR6 Graphics/Phantom Black/2.3Kg), 82AU00B6IN","77,199",https://m.media-amazon.com/images/I/61p3lA4N3uL._AC_UY218_.jpg,"₹77,199",4.5 out of 5 stars
310,"Dell New Latitude 3000 Series 14""---Core i3 8th Gen || 8GB || 1 TB || DOS-Ubantu || 1 Year ADP+NBD Dell Warranty || 14 "" Screen Size","35,600",https://m.media-amazon.com/images/I/81Cv99uK3HL._AC_UY218_.jpg,"₹35,600",3.9 out of 5 stars
311,(Renewed) Dell Vostro 3401 14inch FHD AG Display Laptop (10th gen i3-1005G1 / 4GB / 1TB / Integrated Graphics / 1 yr NBD Warranty/ Win 10 + MS Office H&S 2019 / Black) D552124WIN9BE,"31,990",https://m.media-amazon.com/images/I/61bERojtiXL._AC_UY218_.jpg,"₹31,990",2.3 out of 5 stars
312,"Acer Aspire 3 A315-53 15.6-inch Laptop (8th Gen Intel Core i3-8130U/4GB/1TB/Windows 10 Home/Integrated Graphics), Obsidian Black","30,990",https://m.media-amazon.com/images/I/51vJxC6pe3L._AC_UY218_.jpg,"₹30,990",3.3 out of 5 stars
313,Acer Extensa 15 EX215-22-A7D9 (NX.EG9SI.001) Laptop (AMD Athlon Gold/ 4GB RAM/ 1TB HDD/ Windows 10 Home/ AMD Radeon Graphics/ 15.6 Inch Screen),"26,999",https://m.media-amazon.com/images/I/71FsqYE2p-L._AC_UY218_.jpg,"₹26,999",4.0 out of 5 stars
314,"ASUS VivoBook 14 (2020) Intel Core i5-1035G1 10th Gen 14-inch FHD Thin and Light Laptop (8GB/512GB NVMe SSD/Integrated Graphics/Windows 10/MS Office 2019/Transparent Silver/1.6 kg), X415JA-EB512TS","55,990",https://m.media-amazon.com/images/I/71WuDXpTAlL._AC_UY218_.jpg,"₹55,990",4.3 out of 5 stars
315,"HP Notebook PC 348 G7 14-inch Laptop (10th Gen Core i3-10110U/8GB/1TB HDD/DOS/Intel UHD 620 Graphics), Silver","43,300",https://m.media-amazon.com/images/I/71D4-tbuPjL._AC_UY218_.jpg,"₹43,300",
316,"ASUS VivoBook 14 (2020) AMD Ryzen 5 3500U 14-inch FHD Thin and Light Laptop (8GB/1TB HDD/Integrated Graphics/Windows 10/MS Office 2019/Transparent Silver/1.6 kg), M415DA-EK502TS","42,990",https://m.media-amazon.com/images/I/71WuDXpTAlL._AC_UY218_.jpg,"₹42,990",3.9 out of 5 stars
317,"AVITA LIBER NS14A8INV561-AGA 14-inch Laptop (AMD R503500U/8GB/512GB SSD/Window 10 Home/Integrated Graphics), Anchor Grey",,https://m.media-amazon.com/images/I/5125ss6G4SL._AC_UY218_.jpg,,
318,"Lenovo Ideapad Slim 5 AMD Ryzen7 14"" FHD Thin & Light Laptop (8GB/512 GB SSD/Win10/MSO/Grey/1.58Kg), 81YM002TIN + Lenovo 15.6 inch Professional Backpack + Lenovo 300 Wireless Compact Mouse","61,136",https://m.media-amazon.com/images/I/81iFMHsTl4L._AC_UY218_.jpg,61136.00,3.9 out of 5 stars
319,Alienware Gaming AW17R5-7405SLV-PUS 8th Gen Intel Core i7 Processor Laptop,"3,32,171",https://m.media-amazon.com/images/I/71GIfE5U54L._AC_UY218_.jpg,"₹3,32,171",3.8 out of 5 stars
320,"Lenovo IdeaPad S145 81W800C3IN 15.6"" FHD  Thin & Light Laptop (10th Gen CORE I3-1005G1/4GB/256GB SSD/Win10/MSO/Integrated Graphics) Grey + Lenovo 2 Year Extended Warranty with Onsite Service","35,089",https://m.media-amazon.com/images/I/81Uw0c20ytL._AC_UY218_.jpg,35089.00,
321,,,,,
322,,,,,
323,,,,,
324,"Lenovo ThinkPad E14 Intel Core i3 10th Gen 14-inch Full HD Thin and Light Laptop (4GB RAM/ 1TB HDD/ DOS/ Black/ 1.69 kg), 20RAS0D800","35,790",https://m.media-amazon.com/images/I/61fLrqViP-L._AC_UY218_.jpg,"₹35,790",3.8 out of 5 stars
325,"SellZone Laptop DDR3L 8GB RAM for Dell, Asus, HP, Lenovo, Acer Laptops","2,699",https://m.media-amazon.com/images/I/61SpbF+kpRL._AC_UY218_.jpg,"₹2,699",4.5 out of 5 stars
326,"Dell Inspiron 3593 15.6-inch FHD Laptop (10th Gen i3-1005G1/4GB/1TB/Win 10 + MS Office/Intel HD Graphics), Platinum Silver","41,300",https://m.media-amazon.com/images/I/61+Wdmg+ruL._AC_UY218_.jpg,"₹41,300",3.0 out of 5 stars
327,"AVITA LIBER V14 NS14A8INW561-SPA 14-inch Laptop (AMD R7-3700U/8GB/512GB SSD/FHD/Windows 10 Home/Intel UHD Graphics 620/ 1.25KG), Summer Pink","47,008",https://m.media-amazon.com/images/I/516NnieTNxL._AC_UY218_.jpg,"₹47,008",3.6 out of 5 stars
328,"HP Pavilion x360 (2021) 14"" FHD Touchscreen Laptop, 11th Gen Core i3, 8 GB RAM, 256GB SSD, 2-in-1 Convertible, Windows 10, MS Office, Finger Print Reader, (DW1036TU)","48,490",https://m.media-amazon.com/images/I/61EQwsTKioL._AC_UY218_.jpg,"₹48,490",3.8 out of 5 stars
329,"SellZone Laptop DDR3 4GB RAM for Dell, Asus, HP, Lenovo, Acer Laptops","1,549",https://m.media-amazon.com/images/I/61SpbF+kpRL._AC_UY218_.jpg,"₹1,549",
330,"(Renewed) Dell Latitude Laptop 3340 Intel Core i3 - 4005u Processor, 8 GB Ram & 512 GB SSD, Win10,13.3 Inches Notebook Computer","31,190",https://m.media-amazon.com/images/I/51v9dYlc6EL._AC_UY218_.jpg,"₹31,190",
331,"(Renewed) Dell Latitude Laptop 3340 Intel Core i3 - 4005u Processor, 8 GB Ram & 128 GB SSD, Win10,13.3 Inches Notebook Computer","27,290",https://m.media-amazon.com/images/I/51v9dYlc6EL._AC_UY218_.jpg,"₹27,290",
332,(Renewed) HP EliteBook 820 G2 Laptop (CORE I5 5TH GEN/4GB/500GB/WEBCAM/12.5''/Windows 10 Pro),"29,490",https://m.media-amazon.com/images/I/31msLC0+oJL._AC_UY218_.jpg,"₹29,490",
333,(Renewed) Dell Latitude E6540 Laptop (CORE I7 4TH GEN/4GB/500GB/WEBCAM/15.6''/Windows 10 Pro),"31,990",https://m.media-amazon.com/images/I/61FH4idjrDL._AC_UY218_.jpg,"₹31,990",
334,"Microsoft Surface Go MHN-00015 10 inch Touchscreen 2-in-1 Laptop (Intel Pentium Gold Processor/8GB/128GB SSD/Windows 10 Home in S Mode/Intel HD Graphics 615), Platinum","44,900",https://m.media-amazon.com/images/I/51NJ-qIUCsL._AC_UY218_.jpg,"₹44,900",3.8 out of 5 stars
335,"Lenovo Ideapad Slim 3 AMD Ryzen 3 15.6 Inch Fhd Thin and Light Laptop (4Gb/1Tb/Windows 10/Ms Office/Grey/1.85Kg), 81W10057In + Lenovo 2 Year Extended Warranty with Onsite Service","31,089",https://m.media-amazon.com/images/I/71odbTqJUuL._AC_UY218_.jpg,31089.00,3.3 out of 5 stars
336,Lenovo IdeaPad Flex 5 10th Gen Intel Core i3 14-inch FHD IPS 2-in-1 Touchscreen Laptop (4GB/256GB SSD/Windows10/MS Office 2019/Lenovo Digital Pen Stylus/HD 720p Camera/Graphite Grey/1.5Kg) 81X100NCIN,"43,990",https://m.media-amazon.com/images/I/717PHDbymML._AC_UY218_.jpg,"₹43,990",4.2 out of 5 stars
337,(Renewed) HP ProBook 440 G4 Laptop (CORE I3 7TH GEN/4GB/500GB/WEBCAM/14''/Windows 10 Pro),"32,490",https://m.media-amazon.com/images/I/61erkrSQqBL._AC_UY218_.jpg,"₹32,490",
338,"ASUS VivoBook S14 Intel Core i5-1035G1 10th Gen 14-inch FHD Thin and Light Laptop (8GB RAM/512GB NVMe SSD + 32GB Optane Memory/Windows 10/MS Office 2019/Petal Pink/1.35 kg), S403JA-BM034TS","57,990",https://m.media-amazon.com/images/I/71GYjehcMwL._AC_UY218_.jpg,"₹57,990",4.3 out of 5 stars
339,"Dell Inspiron 5406 11th Gen 14inch FHD 2in1 Laptop( i3-1115G4 / 4GB / 256 SSD /Integrated Graphics/ Win 10/MS Office 19/ Active Pen/Platinum Silver),D560365WIN9S",,https://m.media-amazon.com/images/I/51YwG-FYB5L._AC_UY218_.jpg,,3.8 out of 5 stars
340,,,,,
341,,,,,
342,,,,,
343,"Lenovo Legion Y540 Intel Core i5 9th Gen 15.6 inch FHD Gaming Laptop (8GB/1TB + 256 GB SSD/Windows 10/4GB GTX 1650 Graphics/Black/2.3Kg), 81SY00SNIN","62,990",https://m.media-amazon.com/images/I/81itj9HfMiL._AC_UY218_.jpg,"₹62,990",4.3 out of 5 stars
344,(Renewed) Dell Lattitude E5270 -12.5 inch HD Laptop-Core I5 6th Gen-8 GB DDR4 RAM-512 GB SSD-Win 10 Pro/MS Office-19,"37,999",https://m.media-amazon.com/images/I/4190S1TDr5L._AC_UY218_.jpg,"₹37,999",3.8 out of 5 stars
345,,,,,
346,,,,,
347,,,,,
